session_id,scenario,window_id,activity,direction,x0,x1,x2,x3,x4,x5,x6,x7,x8,x9,x10,x11,x12,x13,x14,acc3_0,acc3_1,acc3_2,true_class,fp32_pred,int8_pred
20260910_100219,STILL_1P_NA,0,STILL,NAN,-3,-1,-3,-1,-8,-8,-7,-8,-5,-6,-2,-4,-8,-8,6,15013,-6810,-2460,0,0,0
20260910_100219,STILL_1P_NA,1,STILL,NAN,-4,-1,-4,-1,-7,-7,-7,-7,-4,-5,-2,-3,-7,-7,6,12332,-5107,-2335,0,0,0
20260910_100219,STILL_1P_NA,2,STILL,NAN,-5,-1,-5,-1,-7,-6,-7,-7,-5,-5,-3,-5,-6,-6,6,9737,-2714,-3793,0,0,0
20260910_100219,STILL_1P_NA,3,STILL,NAN,-5,-1,-5,-1,-7,-7,-7,-7,-5,-5,-3,-4,-7,-6,6,11187,-3768,-3459,0,0,0
20260910_100219,STILL_1P_NA,4,STILL,NAN,-3,-1,-3,-1,-8,-8,-7,-7,-4,-5,-3,-4,-8,-7,-8,16104,-9315,-1208,0,0,0
20260910_100219,STILL_1P_NA,5,STILL,NAN,-2,-2,-2,-2,-8,-8,-8,-8,-5,-6,-3,-5,-8,-7,5,14907,-6701,-2569,0,0,0
20260910_100219,STILL_1P_NA,6,STILL,NAN,-2,-2,-2,-2,-8,-8,-8,-8,-6,-6,-4,-5,-8,-7,5,15175,-6548,-3092,0,0,0
20260910_100219,STILL_1P_NA,7,STILL,NAN,-2,-1,-2,-1,-8,-8,-8,-8,-5,-5,-4,-5,-8,-8,0,17151,-8645,-2290,0,0,0
20260910_100219,STILL_1P_NA,8,STILL,NAN,-2,-1,-2,-1,-8,-8,-8,-8,-5,-5,-4,-5,-8,-8,-12,17464,-10464,-1225,0,0,0
20260910_100219,STILL_1P_NA,9,STILL,NAN,-3,-1,-3,-1,-8,-8,-8,-8,-5,-5,-3,-4,-8,-7,1,16360,-7984,-2324,0,0,0
20260910_100219,STILL_1P_NA,10,STILL,NAN,-3,-1,-3,-1,-8,-7,-8,-8,-4,-3,-3,-4,-7,-7,1,14639,-7340,-1852,0,0,0
20260910_100219,STILL_1P_NA,11,STILL,NAN,-3,-1,-3,-1,-8,-8,-8,-8,-5,-5,-3,-5,-8,-8,-13,17338,-10652,-921,0,0,0
20260910_100219,STILL_1P_NA,12,STILL,NAN,-3,-1,-3,-1,-8,-8,-8,-8,-5,-5,-4,-5,-8,-8,-12,17786,-10359,-1419,0,0,0
20260910_100219,STILL_1P_NA,13,STILL,NAN,-2,-1,-3,-1,-8,-8,-8,-8,-5,-5,-4,-5,-8,-8,-27,17326,-12462,551,0,0,0
20260910_100219,STILL_1P_NA,14,STILL,NAN,-3,-1,-3,-1,-8,-8,-8,-8,-5,-6,-4,-5,-8,-8,-25,17623,-12129,73,0,0,0
20260910_100219,STILL_1P_NA,15,STILL,NAN,-2,-1,-2,-1,-8,-8,-8,-8,-5,-5,-3,-5,-8,-8,-22,17206,-11789,-1,0,0,0
20260910_100219,STILL_1P_NA,16,STILL,NAN,-2,-1,-2,-1,-8,-8,-8,-8,-5,-5,-3,-5,-8,-7,5,16165,-7713,-2286,0,0,0
20260910_100219,STILL_1P_NA,17,STILL,NAN,-2,-1,-2,-1,-8,-8,-8,-8,-5,-5,-3,-5,-8,-8,-29,17658,-12623,354,0,0,0
20260910_100219,STILL_1P_NA,18,STILL,NAN,-4,-1,-4,-1,-7,-7,-7,-7,-5,-4,-3,-4,-7,-7,4,12755,-5403,-2416,0,0,0
20260910_100219,STILL_1P_NA,19,STILL,NAN,-5,-1,-5,-1,-7,-7,-7,-7,-5,-5,-3,-5,-7,-6,6,11320,-3820,-3469,0,0,0
20260910_100219,STILL_1P_NA,20,STILL,NAN,-4,-1,-4,-1,-7,-7,-7,-7,-5,-5,-3,-5,-7,-7,6,11896,-4229,-3316,0,0,0
20260910_100219,STILL_1P_NA,21,STILL,NAN,-3,-1,-4,-1,-8,-8,-8,-7,-5,-5,-3,-4,-8,-7,6,14791,-6493,-2741,0,0,0
20260910_100219,STILL_1P_NA,22,STILL,NAN,-3,-1,-3,-1,-8,-8,-8,-8,-5,-5,-3,-5,-8,-8,6,15907,-7308,-2649,0,0,0
20260910_100219,STILL_1P_NA,23,STILL,NAN,-3,-1,-3,-1,-8,-8,-9,-8,-6,-6,-4,-5,-8,-8,6,16439,-7314,-3340,0,0,0
20260910_100219,STILL_1P_NA,24,STILL,NAN,-2,-1,-2,-1,-8,-8,-8,-8,-6,-6,-4,-5,-8,-8,-27,18313,-12672,-20,0,0,0
20260910_100219,STILL_1P_NA,25,STILL,NAN,-2,-1,-2,-1,-8,-8,-8,-8,-5,-5,-4,-5,-8,-8,0,17151,-8645,-2290,0,0,0
20260910_100219,STILL_1P_NA,26,STILL,NAN,-2,-1,-2,-1,-8,-8,-8,-8,-6,-6,-4,-5,-8,-8,6,16073,-7225,-3022,0,0,0
20260910_100219,STILL_1P_NA,27,STILL,NAN,-2,-1,-2,-1,-8,-8,-8,-8,-6,-6,-4,-5,-8,-8,6,16073,-7225,-3022,0,0,0
20260910_100219,STILL_1P_NA,28,STILL,NAN,-2,-1,-2,-1,-8,-8,-8,-8,-6,-6,-4,-5,-8,-8,-3,18057,-9323,-2371,0,0,0
20260910_100219,STILL_1P_NA,29,STILL,NAN,-2,-1,-2,-1,-8,-8,-8,-8,-6,-6,-4,-5,-8,-8,-6,17774,-9844,-1760,0,0,0
20260910_100219,STILL_1P_NA,30,STILL,NAN,-2,-1,-2,-1,-8,-8,-8,-8,-5,-5,-3,-5,-8,-7,4,16052,-7705,-2281,0,0,0
20260910_100219,STILL_1P_NA,31,STILL,NAN,-2,-1,-2,-1,-8,-8,-8,-8,-5,-5,-3,-5,-8,-7,4,16052,-7705,-2281,0,0,0
20260910_100219,STILL_1P_NA,32,STILL,NAN,-2,-1,-2,-1,-8,-8,-8,-8,-5,-5,-3,-5,-8,-7,5,16165,-7713,-2286,0,0,0
20260910_100219,STILL_1P_NA,33,STILL,NAN,-2,-1,-2,-1,-8,-8,-8,-8,-5,-5,-3,-5,-8,-8,-8,17283,-9981,-1434,0,0,0
20260910_100219,STILL_1P_NA,34,STILL,NAN,-3,-1,-3,-1,-8,-8,-8,-8,-5,-6,-3,-5,-8,-8,3,16384,-8107,-2160,0,0,0
20260910_100219,STILL_1P_NA,35,STILL,NAN,-3,-1,-3,-1,-8,-8,-8,-8,-6,-6,-4,-5,-8,-8,6,16125,-7103,-3370,0,0,0
20260910_100219,STILL_1P_NA,36,STILL,NAN,-3,-1,-3,-1,-8,-8,-8,-8,-6,-6,-4,-5,-8,-8,-6,17947,-9519,-2222,0,0,0
20260910_100219,STILL_1P_NA,37,STILL,NAN,-2,-1,-2,-1,-8,-8,-8,-8,-6,-6,-4,-5,-8,-8,3,16621,-7814,-2609,0,0,0
20260910_100219,STILL_1P_NA,38,STILL,NAN,-2,-1,-2,-1,-8,-8,-8,-8,-6,-6,-4,-5,-8,-8,6,16073,-7225,-3022,0,0,0
20260910_100219,STILL_1P_NA,39,STILL,NAN,-2,-1,-2,-1,-8,-8,-8,-8,-6,-6,-4,-5,-8,-8,4,16736,-7695,-3013,0,0,0
20260910_100219,STILL_1P_NA,40,STILL,NAN,-2,-1,-2,-1,-8,-8,-8,-8,-5,-5,-4,-5,-8,-8,-13,17541,-10755,-974,0,0,0
20260910_100219,STILL_1P_NA,41,STILL,NAN,-3,-1,-3,-1,-8,-8,-8,-8,-6,-5,-4,-5,-8,-7,5,15801,-6939,-3271,0,0,0
20260910_100219,STILL_1P_NA,42,STILL,NAN,-3,-1,-3,-1,-8,-8,-8,-8,-6,-6,-4,-5,-8,-7,6,15222,-6504,-3233,0,0,0
20260910_100219,STILL_1P_NA,43,STILL,NAN,-3,-1,-3,-1,-8,-8,-8,-8,-5,-6,-4,-5,-8,-8,-2,17301,-8790,-2309,0,0,0
20260910_100219,STILL_1P_NA,44,STILL,NAN,-1,-1,-2,-1,-8,-8,-7,-7,-5,-5,-3,-4,-7,-7,1,15154,-7739,-1714,0,0,0
20260910_100219,STILL_1P_NA,45,STILL,NAN,-1,-1,-1,-1,-7,-7,-7,-7,-4,-4,-3,-5,-7,-7,6,11995,-5127,-2107,0,0,0
20260910_100219,STILL_1P_NA,46,STILL,NAN,-1,-1,-1,-1,-7,-7,-8,-8,-5,-5,-4,-5,-7,-7,6,13668,-5764,-2699,0,0,0
20260910_100219,STILL_1P_NA,47,STILL,NAN,-2,-1,-2,-1,-8,-7,-8,-8,-5,-6,-3,-5,-8,-7,5,15097,-6798,-2560,0,0,0
20260910_100219,STILL_1P_NA,48,STILL,NAN,-2,-1,-2,-1,-8,-8,-8,-8,-5,-6,-3,-5,-8,-8,2,16548,-8288,-2117,0,0,0
20260910_100219,STILL_1P_NA,49,STILL,NAN,-2,-1,-2,-1,-8,-8,-8,-8,-6,-6,-4,-5,-8,-8,0,17493,-8775,-2284,0,0,0
20260910_100219,STILL_1P_NA,50,STILL,NAN,-2,-1,-2,-1,-8,-8,-8,-8,-5,-5,-4,-5,-8,-7,3,16165,-7713,-2286,0,0,0
20260910_100219,STILL_1P_NA,51,STILL,NAN,-2,-2,-2,-2,-8,-8,-8,-8,-6,-5,-4,-5,-8,-8,-20,16868,-11639,213,0,0,0
20260910_100219,STILL_1P_NA,52,STILL,NAN,-3,-2,-3,-2,-8,-7,-8,-8,-6,-6,-4,-5,-7,-7,2,13909,-5826,-2813,0,0,0
20260910_100219,STILL_1P_NA,53,STILL,NAN,-3,-1,-4,-1,-8,-7,-8,-8,-5,-5,-3,-5,-8,-7,5,14688,-6418,-2892,0,0,0
20260910_100219,STILL_1P_NA,54,STILL,NAN,-3,-1,-3,-1,-8,-8,-8,-8,-5,-5,-3,-5,-8,-7,6,15296,-6821,-2891,0,0,0
20260910_100219,STILL_1P_NA,55,STILL,NAN,-4,-1,-4,-1,-8,-7,-8,-8,-5,-4,-3,-4,-7,-7,6,13650,-5729,-2804,0,0,0
20260910_100219,STILL_1P_NA,56,STILL,NAN,-3,-1,-3,-1,-8,-7,-8,-8,-4,-4,-3,-4,-7,-7,-13,15526,-9670,-667,0,0,0
20260910_100219,STILL_1P_NA,57,STILL,NAN,-2,-1,-2,-1,-8,-8,-8,-8,-5,-5,-3,-5,-8,-7,3,15884,-7730,-2132,0,0,0
20260910_100219,STILL_1P_NA,58,STILL,NAN,-1,-1,-1,-1,-8,-7,-8,-8,-6,-6,-4,-5,-7,-7,6,14060,-5819,-3150,0,0,0
20260910_100219,STILL_1P_NA,59,STILL,NAN,-1,-1,-1,-1,-8,-7,-8,-8,-6,-6,-4,-5,-7,-7,6,14060,-5819,-3150,0,0,0
20260910_100219,STILL_1P_NA,60,STILL,NAN,-2,-1,-2,-1,-8,-8,-8,-8,-5,-5,-3,-5,-8,-7,4,16052,-7705,-2281,0,0,0
20260910_100219,STILL_1P_NA,61,STILL,NAN,-3,-1,-3,-1,-8,-8,-8,-8,-5,-5,-3,-5,-8,-8,-13,17338,-10652,-921,0,0,0
20260910_100219,STILL_1P_NA,62,STILL,NAN,-3,-1,-3,-1,-8,-8,-8,-8,-6,-5,-4,-5,-8,-8,6,15934,-6991,-3281,0,0,0
20260910_100219,STILL_1P_NA,63,STILL,NAN,-3,-1,-3,-1,-8,-8,-8,-8,-6,-6,-4,-5,-8,-8,6,16125,-7103,-3370,0,0,0
20260910_100219,STILL_1P_NA,64,STILL,NAN,-3,-1,-3,-1,-8,-8,-8,-8,-6,-6,-4,-5,-8,-8,6,16125,-7103,-3370,0,0,0
20260910_100219,STILL_1P_NA,65,STILL,NAN,-3,-1,-3,-1,-8,-8,-8,-8,-5,-6,-3,-5,-8,-8,-17,17623,-11216,-759,0,0,0
20260910_100219,STILL_1P_NA,66,STILL,NAN,-2,-1,-2,-1,-8,-8,-8,-8,-5,-5,-3,-5,-8,-7,-3,16626,-8755,-1962,0,0,0
20260910_100219,STILL_1P_NA,67,STILL,NAN,-2,-1,-2,-1,-8,-8,-8,-8,-5,-5,-3,-5,-8,-8,-22,17206,-11789,-1,0,0,0
20260910_100219,STILL_1P_NA,68,STILL,NAN,-3,-1,-3,-1,-8,-8,-8,-8,-5,-5,-3,-5,-8,-7,6,15296,-6821,-2891,0,0,0
20260910_100219,STILL_1P_NA,69,STILL,NAN,-3,-1,-3,-1,-8,-8,-8,-8,-6,-5,-4,-5,-8,-7,6,15393,-6597,-3328,0,0,0
20260910_100219,STILL_1P_NA,70,STILL,NAN,-3,-1,-3,-1,-8,-8,-8,-8,-5,-5,-3,-5,-8,-7,6,15296,-6821,-2891,0,0,0
20260910_100219,STILL_1P_NA,71,STILL,NAN,-3,-1,-3,-1,-8,-8,-8,-8,-5,-5,-3,-5,-8,-8,6,15907,-7308,-2649,0,0,0
20260910_100219,STILL_1P_NA,72,STILL,NAN,-2,-1,-2,-1,-8,-8,-8,-8,-5,-6,-3,-4,-8,-8,-8,17282,-10179,-1246,0,0,0
20260910_100219,STILL_1P_NA,73,STILL,NAN,-3,-1,-3,-1,-8,-7,-8,-8,-5,-6,-3,-5,-7,-7,-9,16115,-9146,-1314,0,0,0
20260910_100219,STILL_1P_NA,74,STILL,NAN,-3,-1,-3,-1,-8,-7,-8,-8,-5,-5,-3,-5,-7,-7,4,14227,-6153,-2643,0,0,0
20260910_100219,STILL_1P_NA,75,STILL,NAN,-3,-1,-3,-1,-8,-8,-8,-8,-5,-5,-3,-5,-8,-8,-22,17108,-11868,103,0,0,0
20260910_100219,STILL_1P_NA,76,STILL,NAN,-2,-1,-2,-1,-8,-8,-8,-8,-5,-5,-3,-5,-8,-7,6,15907,-7366,-2681,0,0,0
20260910_100219,STILL_1P_NA,77,STILL,NAN,-2,-1,-2,-1,-8,-8,-8,-8,-5,-4,-3,-5,-8,-7,3,15993,-7772,-2316,0,0,0
20260910_100219,STILL_1P_NA,78,STILL,NAN,-3,-2,-2,-2,-8,-8,-8,-8,-5,-4,-3,-5,-8,-8,-13,16933,-10674,-749,0,0,0
20260910_100219,STILL_1P_NA,79,STILL,NAN,-3,-2,-3,-2,-8,-7,-8,-8,-5,-5,-3,-5,-7,-7,5,13037,-5485,-2489,0,0,0
20260910_100219,STILL_1P_NA,80,STILL,NAN,-3,-1,-4,-1,-8,-7,-8,-8,-5,-5,-3,-5,-8,-7,3,15082,-6813,-2596,0,0,0
20260910_100219,STILL_1P_NA,81,STILL,NAN,-3,-1,-3,-1,-8,-8,-8,-8,-5,-5,-3,-5,-8,-8,-16,17602,-11182,-773,0,0,0
20260910_100219,STILL_1P_NA,82,STILL,NAN,-2,-1,-2,-1,-8,-8,-8,-8,-5,-5,-4,-5,-8,-8,-13,17541,-10755,-974,0,0,0
20260910_100219,STILL_1P_NA,83,STILL,NAN,-1,-1,-1,-1,-7,-8,-7,-7,-5,-5,-3,-4,-7,-7,0,14662,-7653,-1407,0,0,0
20260910_100219,STILL_1P_NA,84,STILL,NAN,0,-1,0,-1,-7,-7,-7,-7,-4,-4,-3,-5,-7,-6,6,11961,-5410,-1701,0,0,0
20260910_100219,STILL_1P_NA,85,STILL,NAN,-1,-1,-1,-1,-7,-7,-7,-7,-4,-5,-3,-3,-7,-7,1,13921,-7361,-1209,0,0,0
20260910_100219,STILL_1P_NA,86,STILL,NAN,-2,-1,-2,-1,-8,-8,-8,-8,-4,-5,-3,-5,-8,-8,-21,17206,-11789,-1,0,0,0
20260910_100219,STILL_1P_NA,87,STILL,NAN,-2,-1,-2,-1,-8,-8,-8,-8,-5,-5,-4,-5,-8,-7,4,15977,-7459,-2486,0,0,0
20260910_100219,STILL_1P_NA,88,STILL,NAN,-2,-1,-2,-1,-8,-8,-8,-8,-5,-5,-4,-5,-8,-7,2,16188,-7958,-2145,0,0,0
20260910_100219,STILL_1P_NA,89,STILL,NAN,-2,-1,-2,-1,-8,-8,-8,-8,-6,-6,-4,-5,-8,-7,1,17093,-8227,-2541,0,0,0
20260910_100219,STILL_1P_NA,90,STILL,NAN,-2,-2,-2,-2,-8,-8,-8,-8,-6,-6,-4,-5,-8,-7,5,15175,-6548,-3092,0,0,0
20260910_100219,STILL_1P_NA,91,STILL,NAN,-2,-2,-2,-2,-8,-8,-8,-8,-6,-6,-4,-5,-8,-7,6,14765,-6396,-2873,0,0,0
20260910_100219,STILL_1P_NA,92,STILL,NAN,-3,-1,-3,-1,-8,-8,-8,-8,-5,-5,-4,-5,-8,-8,-28,17432,-12679,635,0,0,0
20260910_100219,STILL_1P_NA,93,STILL,NAN,-3,-1,-3,-1,-8,-8,-8,-8,-5,-5,-3,-5,-8,-7,-6,17035,-9102,-1991,0,0,0
20260910_100219,STILL_1P_NA,94,STILL,NAN,-3,-1,-3,-1,-8,-8,-8,-8,-5,-5,-3,-5,-8,-8,-28,17432,-12679,635,0,0,0
20260910_100219,STILL_1P_NA,95,STILL,NAN,-3,-1,-3,-1,-8,-8,-8,-8,-5,-5,-4,-5,-8,-7,5,15374,-6762,-3058,0,0,0
20260910_100219,STILL_1P_NA,96,STILL,NAN,-3,-1,-3,-1,-8,-8,-8,-8,-5,-6,-3,-5,-8,-7,5,15293,-6811,-2864,0,0,0
20260910_100219,STILL_1P_NA,97,STILL,NAN,-3,-1,-3,-1,-8,-8,-8,-8,-5,-5,-3,-5,-8,-8,-22,17108,-11868,103,0,0,0
20260910_100219,STILL_1P_NA,98,STILL,NAN,-2,-1,-2,-1,-8,-8,-8,-8,-5,-5,-4,-5,-8,-8,-17,17783,-11446,-650,0,0,0
20260910_100219,STILL_1P_NA,99,STILL,NAN,-3,-1,-3,-1,-8,-8,-8,-8,-5,-6,-4,-5,-8,-8,0,17480,-8738,-2396,0,0,0
20260910_100219,STILL_1P_NA,100,STILL,NAN,-3,-1,-3,-1,-8,-8,-8,-8,-5,-5,-4,-5,-8,-7,1,16928,-8002,-2656,0,0,0
20260910_100219,STILL_1P_NA,101,STILL,NAN,-3,-1,-3,-1,-8,-8,-8,-8,-6,-5,-4,-5,-8,-8,-6,17963,-9558,-2214,0,0,0
20260910_100219,STILL_1P_NA,102,STILL,NAN,-3,-1,-3,-1,-8,-8,-8,-8,-6,-6,-4,-5,-8,-8,-8,17950,-10082,-1806,0,0,0
20260910_100219,STILL_1P_NA,103,STILL,NAN,-3,-1,-3,-1,-8,-8,-8,-8,-6,-5,-4,-5,-8,-8,-2,17722,-9078,-2415,0,0,0
20260910_100219,STILL_1P_NA,104,STILL,NAN,-3,-1,-3,-1,-8,-8,-8,-8,-5,-5,-4,-5,-8,-7,6,14761,-6269,-3192,0,0,0
20260910_100219,STILL_1P_NA,105,STILL,NAN,-3,-1,-3,-1,-8,-8,-8,-8,-5,-5,-4,-5,-8,-7,6,14761,-6269,-3192,0,0,0
20260910_100219,STILL_1P_NA,106,STILL,NAN,-4,-1,-4,-1,-8,-7,-8,-8,-5,-5,-4,-5,-7,-7,6,13713,-5447,-3413,0,0,0
20260910_100219,STILL_1P_NA,107,STILL,NAN,-3,-1,-3,-1,-8,-7,-8,-8,-5,-5,-3,-5,-8,-7,-3,16472,-8248,-2173,0,0,0
20260910_100219,STILL_1P_NA,108,STILL,NAN,-2,-1,-2,-1,-8,-7,-8,-7,-5,-5,-3,-4,-7,-7,-2,14960,-7787,-1602,0,0,0
20260910_100219,STILL_1P_NA,109,STILL,NAN,-1,-1,-1,-1,-7,-7,-8,-7,-4,-4,-3,-5,-7,-7,6,13146,-5860,-2063,0,0,0
20260910_100219,STILL_1P_NA,110,STILL,NAN,-2,-1,-2,-1,-8,-8,-8,-8,-5,-4,-3,-5,-8,-7,6,15373,-7009,-2536,0,0,0
20260910_100219,STILL_1P_NA,111,STILL,NAN,-1,-2,-1,-2,-7,-7,-8,-7,-5,-4,-3,-4,-7,-7,6,13161,-6105,-1790,0,0,0
20260910_100219,STILL_1P_NA,112,STILL,NAN,-1,-2,-1,-2,-7,-7,-8,-7,-5,-5,-3,-5,-7,-7,6,12681,-5346,-2245,0,0,0
20260910_100219,STILL_1P_NA,113,STILL,NAN,-1,-2,-1,-2,-7,-7,-8,-8,-5,-5,-4,-5,-7,-7,6,12654,-5163,-2549,0,0,0
20260910_100219,STILL_1P_NA,114,STILL,NAN,-2,-1,-2,-1,-8,-7,-8,-8,-5,-5,-3,-4,-8,-7,4,15193,-7443,-1883,0,0,0
20260910_100219,STILL_1P_NA,115,STILL,NAN,-2,-1,-2,-1,-8,-8,-8,-8,-5,-6,-3,-5,-8,-8,-12,17631,-10579,-1154,0,0,0
20260910_100219,STILL_1P_NA,116,STILL,NAN,-3,-1,-3,-1,-8,-8,-8,-8,-6,-6,-4,-5,-8,-8,4,16736,-7695,-3013,0,0,0
20260910_100219,STILL_1P_NA,117,STILL,NAN,-3,-1,-3,-1,-8,-8,-8,-8,-5,-5,-3,-5,-8,-8,5,16124,-7530,-2410,0,0,0
20260910_100219,STILL_1P_NA,118,STILL,NAN,-4,-1,-4,-1,-8,-7,-8,-8,-5,-5,-3,-5,-7,-7,6,13433,-5399,-3156,0,0,0
20260910_100219,STILL_1P_NA,119,STILL,NAN,-3,-1,-4,-1,-8,-7,-8,-8,-5,-5,-3,-5,-7,-7,2,14436,-6546,-2314,0,0,0
20260910_100219,STILL_1P_NA,120,STILL,NAN,-3,-2,-3,-2,-8,-8,-8,-8,-5,-5,-3,-5,-8,-7,3,15203,-7280,-2054,0,0,0
20260910_100219,STILL_1P_NA,121,STILL,NAN,-3,-1,-3,-1,-8,-8,-8,-8,-6,-5,-4,-5,-8,-8,-5,18082,-9350,-2355,0,0,0
20260910_100219,STILL_1P_NA,122,STILL,NAN,-2,-1,-3,-1,-8,-8,-8,-8,-5,-5,-3,-5,-8,-7,-4,17257,-9281,-1910,0,0,0
20260910_100219,STILL_1P_NA,123,STILL,NAN,-3,-1,-3,-1,-8,-8,-8,-8,-5,-5,-3,-5,-8,-8,-22,17108,-11868,103,0,0,0
20260910_100219,STILL_1P_NA,124,STILL,NAN,-3,-2,-3,-2,-8,-8,-8,-8,-6,-6,-4,-5,-8,-7,5,14964,-6450,-3030,0,0,0
20260910_100219,STILL_1P_NA,125,STILL,NAN,-3,-2,-3,-2,-8,-8,-8,-8,-6,-5,-4,-5,-8,-7,5,14660,-6330,-2936,0,0,0
20260910_100219,STILL_1P_NA,126,STILL,NAN,-2,-2,-2,-2,-8,-8,-8,-8,-5,-5,-3,-5,-8,-8,-20,16820,-11579,88,0,0,0
20260910_100219,STILL_1P_NA,127,STILL,NAN,-2,-1,-2,-1,-8,-8,-8,-8,-5,-5,-3,-5,-8,-8,-20,17480,-11951,-153,0,0,0
20260910_100219,STILL_1P_NA,128,STILL,NAN,-3,-1,-3,-1,-8,-8,-8,-8,-5,-5,-3,-5,-8,-7,2,16245,-7862,-2292,0,0,0
20260910_100219,STILL_1P_NA,129,STILL,NAN,-3,-1,-3,-1,-8,-8,-8,-8,-5,-6,-3,-5,-8,-8,2,16927,-8200,-2468,0,0,0
20260910_100219,STILL_1P_NA,130,STILL,NAN,-3,-1,-3,-1,-8,-8,-8,-8,-6,-5,-4,-5,-8,-8,-1,17744,-8748,-2638,0,0,0
20260910_100219,STILL_1P_NA,131,STILL,NAN,-3,-1,-3,-1,-8,-8,-8,-8,-6,-5,-4,-5,-8,-8,0,17299,-8579,-2436,0,0,0
20260910_100219,STILL_1P_NA,132,STILL,NAN,-3,-1,-3,-1,-8,-8,-8,-8,-6,-6,-4,-5,-8,-8,-4,18225,-9431,-2283,0,0,0
20260910_100219,STILL_1P_NA,133,STILL,NAN,-3,-2,-3,-2,-8,-8,-8,-8,-6,-6,-4,-5,-8,-8,6,14815,-6108,-3420,0,0,0
20260910_100219,STILL_1P_NA,134,STILL,NAN,-3,-1,-3,-1,-8,-8,-8,-8,-6,-6,-4,-5,-8,-8,-7,18058,-9732,-2056,0,0,0
20260910_100219,STILL_1P_NA,135,STILL,NAN,-2,-1,-2,-1,-8,-8,-8,-8,-6,-6,-4,-5,-8,-8,2,17003,-8240,-2412,0,0,0
20260910_103326,WALK_1P_APPROACH,0,WALK,APPROACH,9,-1,8,-1,-1,-2,1,1,13,21,6,7,0,0,6,-2726,409,2430,1,2,2
20260910_103326,WALK_1P_APPROACH,1,WALK,APPROACH,0,-17,0,-17,10,10,10,11,12,14,7,7,10,10,4,-7410,-773,7034,1,2,2
20260910_103326,WALK_1P_APPROACH,2,WALK,APPROACH,5,-18,5,-18,11,11,10,11,6,9,2,3,11,11,6,-9506,458,7530,1,2,2
20260910_103326,WALK_1P_APPROACH,3,WALK,APPROACH,0,-14,1,-15,7,7,7,6,3,6,0,2,6,7,6,-10790,4759,3468,1,1,1
20260910_103326,WALK_1P_APPROACH,4,WALK,APPROACH,-1,-12,-1,-13,4,4,3,3,0,3,-1,-2,4,4,6,-12230,8397,274,1,1,1
20260910_103326,WALK_1P_APPROACH,5,WALK,APPROACH,-1,-13,-1,-13,5,5,3,3,-3,-1,-2,-2,5,5,6,-14893,10395,-29,1,1,1
20260910_103326,WALK_1P_APPROACH,6,WALK,APPROACH,-2,-13,-1,-13,5,5,3,3,-3,-3,-3,-4,5,5,6,-16191,11855,-522,1,1,1
20260910_103326,WALK_1P_APPROACH,7,WALK,APPROACH,-1,-12,-1,-12,4,4,2,3,-4,-3,-3,-3,4,4,6,-15937,12141,-1070,1,1,1
20260910_103428,WALK_1P_AWAY,0,WALK,AWAY,-8,3,-8,3,-2,-1,-2,-2,3,5,2,0,-2,-1,6,-4611,3974,300,1,1,1
20260910_103428,WALK_1P_AWAY,1,WALK,AWAY,1,-8,0,-7,-1,0,-1,-1,2,5,1,3,-1,0,6,-6213,3704,1738,1,1,1
20260910_103428,WALK_1P_AWAY,2,WALK,AWAY,-2,-6,-1,-7,-1,0,-1,-1,1,1,1,3,-2,-2,-1,-6652,2623,3627,1,2,2
20260910_103428,WALK_1P_AWAY,3,WALK,AWAY,-8,1,-7,0,-2,-1,0,-1,5,8,1,2,-2,-3,-7,-3186,250,2912,1,2,2
20260910_103428,WALK_1P_AWAY,4,WALK,AWAY,-6,7,-6,7,2,2,1,1,2,3,1,0,2,2,4,-8498,6475,-72,1,1,1
20260910_103428,WALK_1P_AWAY,5,WALK,AWAY,-4,9,-4,9,3,4,1,2,-4,-5,-3,-4,3,4,6,-14836,13119,-2964,1,1,1
20260910_103428,WALK_1P_AWAY,6,WALK,AWAY,-3,9,-3,9,4,4,1,2,-5,-6,-3,-5,4,4,6,-15767,13492,-2581,1,1,1
20260910_103428,WALK_1P_AWAY,7,WALK,AWAY,-2,9,-2,9,4,3,1,2,-5,-5,-3,-4,3,4,6,-15190,13407,-3110,1,1,1
20260910_103428,WALK_1P_AWAY,8,WALK,AWAY,-1,9,-1,9,3,3,1,1,-5,-5,-3,-5,3,3,6,-14857,13195,-3216,1,1,1
20260910_103428,WALK_1P_AWAY,9,WALK,AWAY,-1,9,-1,9,4,3,1,2,-5,-6,-3,-5,3,3,6,-15324,13654,-3440,1,1,1
20260910_103428,WALK_1P_AWAY,10,WALK,AWAY,-3,9,-3,9,4,4,2,2,-4,-5,-3,-4,4,4,6,-15138,12908,-2213,1,1,1
20260910_103523,WALK_1P_AWAY,0,WALK,AWAY,0,6,0,6,0,0,3,4,7,12,3,12,1,1,6,-5112,2203,1775,1,1,1
20260910_103523,WALK_1P_AWAY,1,WALK,AWAY,3,10,3,10,5,5,3,4,2,-1,3,-2,5,6,5,-10882,6451,1697,1,1,1
20260910_103523,WALK_1P_AWAY,2,WALK,AWAY,7,9,7,9,5,5,3,3,-4,-4,-3,-4,5,5,6,-14419,10968,-767,1,1,1
20260910_103523,WALK_1P_AWAY,3,WALK,AWAY,8,8,8,8,5,5,3,3,-4,-4,-3,-4,4,5,6,-14238,11088,-1040,1,1,1
20260910_103523,WALK_1P_AWAY,4,WALK,AWAY,9,8,9,8,5,5,2,3,-4,-4,-3,-4,5,5,6,-13900,10592,-651,1,1,1
20260910_103523,WALK_1P_AWAY,5,WALK,AWAY,5,8,6,8,4,4,2,3,-4,-4,-3,-3,4,4,4,-13285,10442,-1110,1,1,1
20260910_103523,WALK_1P_AWAY,6,WALK,AWAY,0,9,1,9,4,3,2,2,-3,-3,-3,-4,3,4,5,-13624,11733,-2187,1,1,1
20260910_103523,WALK_1P_AWAY,7,WALK,AWAY,-3,10,-3,10,4,4,2,2,-4,-5,-3,-4,4,4,5,-14794,12615,-2176,1,1,1
20260910_103523,WALK_1P_AWAY,8,WALK,AWAY,-7,9,-6,10,4,4,2,2,-4,-6,-2,-4,4,4,6,-14793,12895,-2488,1,1,1
20260910_103523,WALK_1P_AWAY,9,WALK,AWAY,-9,9,-9,10,5,5,3,3,-2,-6,-1,-2,4,5,6,-14515,11793,-1291,1,1,1
20260910_104615,WALK_1P_AWAY,0,WALK,AWAY,-2,6,-2,6,1,3,1,1,5,5,4,5,2,0,-3,-5040,2379,1677,1,1,1
20260910_104615,WALK_1P_AWAY,1,WALK,AWAY,-8,4,-7,4,0,2,1,1,3,3,3,7,-1,-1,1,-5668,2647,2064,1,1,1
20260910_104615,WALK_1P_AWAY,2,WALK,AWAY,-4,-5,-3,-5,-3,-3,-4,-4,-4,-6,-3,-4,-3,-3,0,-2345,3975,-1189,1,1,1
20260910_104615,WALK_1P_AWAY,3,WALK,AWAY,-7,-3,-7,-3,-3,-3,-4,-4,-2,1,-2,-3,-4,-4,-3,166,977,231,1,1,1
20260910_104615,WALK_1P_AWAY,4,WALK,AWAY,-6,2,-6,2,-3,-2,-2,-2,-1,3,-2,-1,-3,-3,-1,426,1342,-539,1,1,1
20260910_104615,WALK_1P_AWAY,5,WALK,AWAY,-3,7,-3,6,1,0,0,1,-1,3,-2,1,1,1,5,-8736,7744,-1281,1,1,1
20260910_104615,WALK_1P_AWAY,6,WALK,AWAY,-2,8,-2,8,3,3,1,1,-3,-4,-2,-3,2,3,6,-13247,11717,-2567,1,1,1
20260910_104615,WALK_1P_AWAY,7,WALK,AWAY,-2,8,-2,9,3,3,1,1,-5,-6,-3,-5,3,3,6,-14783,13411,-3600,1,1,1
20260910_104615,WALK_1P_AWAY,8,WALK,AWAY,-3,9,-3,9,3,3,1,1,-5,-6,-3,-5,3,3,6,-15059,13711,-3766,1,1,1
20260910_104615,WALK_1P_AWAY,9,WALK,AWAY,-1,8,-2,8,3,2,1,1,-5,-5,-3,-4,2,3,5,-13938,12565,-3220,1,1,1
20260910_104615,WALK_1P_AWAY,10,WALK,AWAY,4,7,3,7,2,2,0,0,-5,-6,-4,-5,2,2,5,-12817,11784,-3186,1,1,1
20260910_104615,WALK_1P_AWAY,11,WALK,AWAY,5,6,5,7,2,2,0,0,-5,-6,-3,-5,2,2,6,-12966,11670,-2895,1,1,1
20260910_104615,WALK_1P_AWAY,12,WALK,AWAY,9,5,9,6,3,2,2,2,-1,-5,1,-2,3,3,5,-11020,8125,-116,1,1,1
20260910_104615,WALK_1P_AWAY,13,WALK,AWAY,10,4,11,4,3,3,2,2,0,-2,1,-1,3,3,6,-9834,6311,1069,1,1,1
20260910_104615,WALK_1P_AWAY,14,WALK,AWAY,9,3,9,4,1,1,0,0,-3,-5,-2,-3,1,1,6,-9621,7459,-403,1,1,1
20260910_104810,WALK_1P_AWAY,0,WALK,AWAY,1,-2,1,-2,0,-1,1,2,2,-5,3,4,0,-5,-27,-4718,-2007,6751,1,2,2
20260910_104810,WALK_1P_AWAY,1,WALK,AWAY,3,5,3,4,4,4,4,4,2,-5,3,2,4,0,-10,-7371,2322,4178,1,2,2
20260910_104810,WALK_1P_AWAY,2,WALK,AWAY,-13,8,-11,8,5,5,4,4,1,5,-1,-1,5,5,4,-10953,6225,2127,1,1,1
20260910_104810,WALK_1P_AWAY,3,WALK,AWAY,-7,4,-8,4,1,1,4,4,4,10,1,7,1,-2,-8,-4037,14,3708,1,2,2
20260910_104810,WALK_1P_AWAY,4,WALK,AWAY,9,-2,7,-1,0,-1,1,1,5,3,3,3,0,0,1,-3887,570,3166,1,2,2
20260910_104810,WALK_1P_AWAY,5,WALK,AWAY,4,-7,5,-6,2,2,1,1,2,0,3,0,3,0,-8,-6818,2531,3565,1,2,2
20260910_104810,WALK_1P_AWAY,6,WALK,AWAY,-9,-10,-7,-10,3,2,1,1,-1,-1,-1,-3,2,2,5,-14157,10637,-566,1,1,1
20260910_104810,WALK_1P_AWAY,7,WALK,AWAY,-7,-8,-8,-8,0,2,1,1,4,8,0,6,0,0,5,-7036,3135,2696,1,1,1
20260910_104810,WALK_1P_AWAY,8,WALK,AWAY,-6,10,-6,9,3,6,4,4,9,12,5,9,4,5,5,-6648,1616,3319,1,2,2
20260910_104810,WALK_1P_AWAY,9,WALK,AWAY,1,11,0,11,6,6,4,4,-4,-6,-2,-3,6,6,5,-15119,10648,290,1,1,1
20260910_104810,WALK_1P_AWAY,10,WALK,AWAY,2,10,2,11,6,5,3,3,-5,-6,-3,-5,5,6,6,-15997,12718,-1411,1,1,1
20260910_104810,WALK_1P_AWAY,11,WALK,AWAY,-1,10,-1,10,5,5,3,3,-4,-3,-3,-3,4,5,6,-14446,11187,-859,1,1,1
20260910_104810,WALK_1P_AWAY,12,WALK,AWAY,0,9,0,10,4,4,2,2,-3,0,-3,-4,4,4,6,-13404,10613,-1214,1,1,1
20260910_104810,WALK_1P_AWAY,13,WALK,AWAY,1,9,1,9,4,3,2,2,-4,-6,-3,-4,3,4,6,-14570,12742,-2877,1,1,1
20260910_104810,WALK_1P_AWAY,14,WALK,AWAY,5,8,5,8,4,3,2,3,-4,-6,-1,-3,4,4,5,-13970,11407,-1558,1,1,1
20260910_104810,WALK_1P_AWAY,15,WALK,AWAY,7,7,7,8,4,4,2,3,-1,-3,-1,-1,4,4,5,-11657,8643,-266,1,1,1
20260910_104810,WALK_1P_AWAY,16,WALK,AWAY,0,9,1,9,4,3,4,4,2,0,3,1,4,4,4,-9507,5947,1167,1,1,1
20260910_104915,STILL_1P_NA,0,STILL,NAN,-5,-2,-6,-2,-6,-7,-4,-4,-1,-4,-1,1,-6,-6,-4,8596,-5504,716,0,0,0
20260910_104915,STILL_1P_NA,1,STILL,NAN,-1,-2,-1,-2,-7,-7,-7,-7,-3,-4,-2,-4,-7,-6,5,11421,-5460,-1129,0,0,0
20260910_104915,STILL_1P_NA,2,STILL,NAN,-2,-2,-1,-2,-7,-7,-7,-7,-3,-3,-2,-3,-7,-7,4,12120,-6093,-991,0,0,0
20260910_104915,STILL_1P_NA,3,STILL,NAN,-2,-2,-2,-2,-8,-8,-8,-8,-5,-5,-3,-5,-8,-7,5,14642,-6740,-2213,0,0,0
20260910_104915,STILL_1P_NA,4,STILL,NAN,-2,-2,-2,-2,-8,-8,-8,-8,-5,-5,-4,-5,-8,-8,4,15856,-7642,-2176,0,0,0
20260910_104915,STILL_1P_NA,5,STILL,NAN,-3,-1,-3,-1,-8,-8,-8,-8,-5,-6,-3,-5,-8,-8,-18,17677,-11420,-529,0,0,0
20260910_104915,STILL_1P_NA,6,STILL,NAN,-3,-1,-3,-1,-8,-8,-8,-8,-5,-5,-3,-5,-8,-7,4,15731,-7341,-2439,0,0,0
20260910_104915,STILL_1P_NA,7,STILL,NAN,-3,-1,-3,-1,-8,-8,-8,-8,-5,-5,-4,-5,-8,-8,-2,17168,-8738,-2299,0,0,0
20260910_104915,STILL_1P_NA,8,STILL,NAN,-3,-1,-3,-1,-8,-8,-8,-8,-5,-5,-4,-5,-8,-7,2,16795,-7950,-2646,0,0,0
20260910_104915,STILL_1P_NA,9,STILL,NAN,-2,-1,-2,-1,-8,-8,-8,-8,-5,-5,-3,-5,-8,-8,-17,17693,-11517,-553,0,0,0
20260910_104915,STILL_1P_NA,10,STILL,NAN,-1,-1,-1,-1,-8,-7,-8,-8,-5,-5,-3,-5,-7,-7,5,14465,-6785,-2111,0,0,0
20260910_104915,STILL_1P_NA,11,STILL,NAN,-1,-1,-1,-1,-8,-7,-8,-8,-6,-5,-3,-5,-7,-7,5,14216,-6411,-2318,0,0,0
20260910_104915,STILL_1P_NA,12,STILL,NAN,-2,-1,-2,-1,-8,-7,-8,-8,-5,-5,-4,-5,-8,-7,-2,16624,-8544,-2089,0,0,0
20260910_104915,STILL_1P_NA,13,STILL,NAN,-2,-1,-2,-1,-8,-8,-8,-8,-5,-5,-3,-5,-8,-7,1,16330,-8153,-2141,0,0,0
20260910_104915,STILL_1P_NA,14,STILL,NAN,-1,-1,-2,-1,-8,-7,-8,-8,-5,-4,-3,-5,-7,-7,-2,15097,-8096,-1465,0,0,0
20260910_104915,STILL_1P_NA,15,STILL,NAN,-2,-1,-2,-1,-8,-8,-8,-8,-5,-6,-3,-5,-8,-8,-34,17868,-13707,1277,0,0,0
20260910_104915,STILL_1P_NA,16,STILL,NAN,-2,-1,-2,-1,-8,-8,-8,-8,-6,-6,-4,-5,-8,-8,-11,17728,-10545,-1165,0,0,0
20260910_104915,STILL_1P_NA,17,STILL,NAN,-2,-2,-2,-2,-8,-8,-8,-8,-5,-6,-3,-5,-8,-7,4,15067,-6972,-2298,0,0,0
20260910_104915,STILL_1P_NA,18,STILL,NAN,-2,-1,-2,-1,-8,-8,-8,-8,-5,-6,-3,-5,-8,-8,-31,17442,-13124,1015,0,0,0
20260910_104915,STILL_1P_NA,19,STILL,NAN,-3,-1,-3,-1,-8,-8,-8,-8,-5,-5,-3,-5,-8,-7,5,15591,-7031,-2672,0,0,0
20260910_104915,STILL_1P_NA,20,STILL,NAN,-3,-1,-3,-1,-8,-7,-8,-8,-5,-5,-3,-5,-7,-7,5,13767,-5952,-2624,0,0,0
20260910_104915,STILL_1P_NA,21,STILL,NAN,-3,-1,-3,-1,-7,-7,-8,-7,-5,-6,-3,-5,-7,-7,6,12235,-4485,-3353,0,0,0
20260910_104915,STILL_1P_NA,22,STILL,NAN,-3,-1,-3,-1,-7,-7,-8,-7,-5,-6,-3,-5,-7,-7,-17,15019,-9794,-61,0,0,0
20260910_104915,STILL_1P_NA,23,STILL,NAN,-2,-1,-2,-1,-8,-8,-8,-8,-5,-5,-3,-5,-8,-7,-8,16841,-9714,-1372,0,0,0
20260910_104915,STILL_1P_NA,24,STILL,NAN,-2,-1,-2,-1,-8,-8,-8,-8,-5,-5,-3,-5,-8,-8,-27,17456,-12463,385,0,0,0
20260910_104915,STILL_1P_NA,25,STILL,NAN,-2,-1,-2,-1,-8,-8,-8,-8,-5,-6,-4,-5,-8,-8,-13,17385,-10724,-904,0,0,0
20260910_104915,STILL_1P_NA,26,STILL,NAN,-3,-1,-3,-1,-8,-8,-8,-8,-6,-6,-4,-5,-8,-8,-1,17783,-8715,-2604,0,0,0
20260910_104915,STILL_1P_NA,27,STILL,NAN,-3,-1,-3,-1,-8,-8,-8,-8,-5,-6,-3,-5,-8,-8,0,16995,-8459,-2342,0,0,0
20260910_104915,STILL_1P_NA,28,STILL,NAN,-3,-1,-3,-1,-8,-8,-8,-8,-5,-6,-3,-5,-8,-8,-4,17426,-9249,-2042,0,0,0
20260910_104915,STILL_1P_NA,29,STILL,NAN,-3,-1,-3,-1,-8,-8,-8,-8,-5,-4,-3,-5,-8,-8,1,16423,-7987,-2380,0,0,0
20260910_104915,STILL_1P_NA,30,STILL,NAN,-3,-1,-3,-1,-8,-7,-8,-8,-5,-5,-3,-5,-7,-7,5,13767,-5952,-2624,0,0,0
20260910_104915,STILL_1P_NA,31,STILL,NAN,-3,-1,-3,-1,-8,-7,-8,-8,-5,-5,-3,-5,-8,-7,5,14606,-6386,-2823,0,0,0
20260910_104915,STILL_1P_NA,32,STILL,NAN,-3,-1,-3,-1,-8,-8,-8,-8,-5,-5,-3,-5,-8,-8,-9,17566,-10067,-1542,0,0,0
20260910_104915,STILL_1P_NA,33,STILL,NAN,-2,-2,-2,-2,-8,-8,-8,-8,-5,-5,-3,-4,-8,-7,-1,15916,-8376,-1683,0,0,0
20260910_104915,STILL_1P_NA,34,STILL,NAN,-2,-2,-2,-2,-8,-8,-8,-7,-4,-4,-3,-4,-7,-7,-3,14996,-8369,-1177,0,0,0
20260910_104915,STILL_1P_NA,35,STILL,NAN,-2,-1,-2,-1,-8,-8,-8,-7,-5,-6,-3,-4,-8,-8,-36,17046,-13731,1787,0,0,0
20260910_104915,STILL_1P_NA,36,STILL,NAN,-3,-1,-3,-1,-8,-8,-8,-8,-5,-6,-3,-5,-8,-7,5,15293,-6811,-2864,0,0,0
20260910_104915,STILL_1P_NA,37,STILL,NAN,-3,-2,-3,-2,-8,-7,-8,-8,-5,-5,-3,-5,-7,-8,-19,15153,-10468,334,0,0,0
20260910_104915,STILL_1P_NA,38,STILL,NAN,-2,-2,-2,-2,-7,-7,-8,-8,-6,-6,-4,-5,-7,-7,5,12916,-5068,-3024,0,0,0
20260910_104915,STILL_1P_NA,39,STILL,NAN,-1,-2,-1,-2,-7,-7,-8,-8,-5,-6,-4,-5,-7,-7,6,13448,-5574,-2779,0,0,0
20260910_104915,STILL_1P_NA,40,STILL,NAN,-2,-2,-2,-2,-8,-7,-8,-8,-5,-5,-4,-5,-8,-7,5,14155,-6107,-2671,0,0,0
20260910_104915,STILL_1P_NA,41,STILL,NAN,-5,-1,-5,-1,-6,-8,-3,-3,0,-4,2,2,-6,-6,-1,8075,-5349,774,0,0,0
20260910_104915,STILL_1P_NA,42,STILL,NAN,-8,0,-8,0,-5,-5,-3,-3,5,9,2,3,-4,-4,6,1033,-1022,1302,0,2,2
20260910_104915,STILL_1P_NA,43,STILL,NAN,-4,-1,-5,-1,-6,-7,-3,-3,0,-4,1,2,-7,-7,-13,8912,-7432,1789,0,0,0
20260910_104915,STILL_1P_NA,44,STILL,NAN,-1,-2,-1,-2,-7,-7,-7,-7,-4,-4,-3,-4,-7,-7,5,12549,-6226,-1235,0,0,0
20260910_104915,STILL_1P_NA,45,STILL,NAN,0,-2,-1,-2,-7,-7,-7,-7,-3,-2,-2,-4,-7,-6,3,11175,-5772,-775,0,0,0
20260910_104915,STILL_1P_NA,46,STILL,NAN,-1,-2,-1,-2,-7,-7,-7,-7,-3,-3,-2,-3,-7,-7,-1,12783,-7140,-820,0,0,0
20260910_104915,STILL_1P_NA,47,STILL,NAN,1,-2,0,-2,-6,-6,-6,-6,-2,-1,-2,-2,-6,-6,5,8499,-4936,271,0,0,0
20260910_104915,STILL_1P_NA,48,STILL,NAN,-1,-1,0,-1,-6,-7,-6,-6,-3,-5,-2,-2,-6,-7,-12,12313,-8785,756,0,0,0
20260910_104915,STILL_1P_NA,49,STILL,NAN,-3,-1,-2,-1,-7,-7,-7,-8,-4,-6,-2,-5,-7,-8,-32,14860,-11788,1788,0,0,0
20260910_104915,STILL_1P_NA,50,STILL,NAN,-1,-2,-1,-2,-7,-7,-7,-7,-4,-6,-2,-4,-7,-7,3,13019,-6872,-874,0,0,0
20260910_104915,STILL_1P_NA,51,STILL,NAN,-2,-2,-1,-2,-7,-7,-7,-7,-4,-4,-3,-4,-7,-7,-12,13551,-8783,33,0,0,0
20260910_104915,STILL_1P_NA,52,STILL,NAN,-3,-1,-3,-1,-8,-7,-8,-8,-4,-5,-3,-5,-8,-7,0,15585,-7817,-2000,0,0,0
20260910_104915,STILL_1P_NA,53,STILL,NAN,-4,-1,-4,-1,-8,-7,-8,-8,-5,-6,-4,-5,-7,-7,3,14213,-5816,-3316,0,0,0
20260910_104915,STILL_1P_NA,54,STILL,NAN,-3,-1,-3,-1,-8,-7,-8,-8,-5,-6,-3,-5,-7,-7,-9,16115,-9146,-1314,0,0,0
20260910_104915,STILL_1P_NA,55,STILL,NAN,-3,-1,-3,-1,-7,-7,-8,-8,-5,-5,-3,-5,-7,-7,-14,15006,-9444,-299,0,0,0
20260910_104915,STILL_1P_NA,56,STILL,NAN,-4,-1,-4,-1,-7,-7,-8,-8,-5,-4,-3,-5,-7,-7,4,13142,-5526,-2720,0,0,0
20260910_104915,STILL_1P_NA,57,STILL,NAN,-3,-1,-3,-1,-8,-8,-8,-8,-5,-4,-3,-5,-8,-7,2,15818,-7585,-2285,0,0,0
20260910_104915,STILL_1P_NA,58,STILL,NAN,-2,-1,-2,-1,-8,-8,-8,-8,-4,-4,-3,-4,-8,-8,-9,16841,-10135,-1165,0,0,0
20260910_104915,STILL_1P_NA,59,STILL,NAN,-1,-2,-2,-2,-8,-8,-8,-7,-4,-5,-3,-4,-7,-7,4,14026,-7068,-1418,0,0,0
20260910_104915,STILL_1P_NA,60,STILL,NAN,-2,-2,-1,-2,-7,-7,-7,-7,-4,-4,-3,-4,-7,-7,5,12540,-5815,-1637,0,0,0
20260910_104915,STILL_1P_NA,61,STILL,NAN,-1,-2,-1,-2,-7,-7,-7,-7,-4,-4,-3,-4,-7,-7,5,12549,-6226,-1235,0,0,0
20260910_104915,STILL_1P_NA,62,STILL,NAN,-1,-2,-1,-2,-7,-7,-7,-7,-5,-5,-3,-5,-7,-7,6,11908,-5022,-2112,0,0,0
20260910_104915,STILL_1P_NA,63,STILL,NAN,-1,-2,-1,-2,-7,-7,-7,-7,-4,-5,-3,-4,-7,-6,6,11374,-4933,-1769,0,0,0
20260910_104915,STILL_1P_NA,64,STILL,NAN,-1,-2,-1,-2,-7,-7,-7,-7,-3,-2,-3,-4,-7,-6,5,11545,-5885,-840,0,0,0
20260910_104915,STILL_1P_NA,65,STILL,NAN,-4,-1,-4,-1,-6,-7,-3,-5,2,1,3,1,-6,-6,-8,7206,-5842,1484,0,0,0
20260910_104915,STILL_1P_NA,66,STILL,NAN,-9,1,-8,1,-4,-4,-3,-2,4,8,3,2,-3,-3,6,-458,45,1572,0,2,2
20260910_104915,STILL_1P_NA,67,STILL,NAN,-6,0,-7,0,-5,-5,-3,-2,0,4,0,3,-5,-5,6,3440,-1761,799,0,0,0
20260910_104915,STILL_1P_NA,68,STILL,NAN,-3,-1,-4,-1,-7,-7,-6,-7,-3,-5,-2,-3,-8,-7,4,12883,-6165,-1472,0,0,0
20260910_104915,STILL_1P_NA,69,STILL,NAN,-3,-1,-3,-1,-8,-8,-8,-8,-5,-5,-3,-5,-8,-8,-34,17098,-13232,1381,0,0,0
20260910_104915,STILL_1P_NA,70,STILL,NAN,-2,-1,-2,-1,-8,-8,-8,-8,-6,-6,-4,-5,-8,-8,-10,18238,-10410,-1657,0,0,0
20260910_104915,STILL_1P_NA,71,STILL,NAN,-1,-2,-1,-2,-7,-8,-6,-7,-3,-5,-1,-3,-7,-7,1,12607,-7201,-488,0,0,0
20260910_104915,STILL_1P_NA,72,STILL,NAN,0,-2,0,-2,-7,-7,-6,-6,0,0,-1,-2,-6,-6,6,8587,-4833,-6,0,0,0
20260910_104915,STILL_1P_NA,73,STILL,NAN,-1,-1,-1,-2,-7,-8,-6,-6,-3,-5,-1,-1,-7,-7,3,12161,-7044,-394,0,0,0
20260910_104915,STILL_1P_NA,74,STILL,NAN,-2,-1,-2,-1,-8,-8,-8,-8,-6,-5,-4,-5,-8,-8,-1,17439,-8934,-2275,0,0,0
20260910_104915,STILL_1P_NA,75,STILL,NAN,-3,-1,-3,-1,-8,-8,-8,-8,-5,-5,-3,-4,-8,-8,-7,17180,-9702,-1575,0,0,0
20260910_104915,STILL_1P_NA,76,STILL,NAN,-3,-2,-3,-2,-8,-8,-8,-8,-5,-5,-3,-5,-8,-8,-18,16545,-11072,-111,0,0,0
20260910_104915,STILL_1P_NA,77,STILL,NAN,-3,-1,-3,-1,-8,-8,-8,-8,-5,-5,-3,-5,-8,-8,-32,17352,-13134,1146,0,0,0
20260910_104915,STILL_1P_NA,78,STILL,NAN,-4,-1,-4,-1,-7,-7,-7,-7,-4,-4,-3,-4,-7,-7,4,12734,-5369,-2430,0,0,0
20260910_104915,STILL_1P_NA,79,STILL,NAN,-2,-1,-2,-1,-7,-7,-7,-7,-3,-4,-1,-3,-7,-8,-31,13987,-11453,1931,0,0,0
20260910_104915,STILL_1P_NA,80,STILL,NAN,0,-2,-1,-2,-7,-7,-7,-7,-3,-3,-1,-3,-7,-6,5,10880,-5745,-590,0,0,0
20260910_104915,STILL_1P_NA,81,STILL,NAN,-2,-1,-2,-1,-7,-8,-7,-7,-4,-5,-3,-3,-8,-8,-26,16405,-12046,742,0,0,0
20260910_104915,STILL_1P_NA,82,STILL,NAN,-2,-2,-2,-1,-8,-8,-8,-8,-5,-6,-3,-5,-8,-8,-21,17395,-11956,-16,0,0,0
20260910_104915,STILL_1P_NA,83,STILL,NAN,-2,-1,-2,-1,-8,-8,-8,-8,-5,-5,-3,-5,-8,-7,1,16330,-8153,-2141,0,0,0
20260910_104915,STILL_1P_NA,84,STILL,NAN,-2,-1,-2,-1,-8,-8,-8,-8,-5,-5,-3,-5,-8,-8,-7,17131,-9685,-1518,0,0,0
20260910_104915,STILL_1P_NA,85,STILL,NAN,-2,-1,-2,-1,-8,-8,-8,-8,-5,-6,-3,-5,-8,-8,-30,17449,-12973,894,0,0,0
20260910_104915,STILL_1P_NA,86,STILL,NAN,-3,-1,-3,-1,-8,-8,-8,-8,-5,-6,-3,-5,-8,-7,-1,17018,-8596,-2282,0,0,0
20260910_104915,STILL_1P_NA,87,STILL,NAN,-3,-1,-3,-1,-8,-8,-8,-8,-5,-6,-3,-5,-8,-7,1,16506,-7970,-2394,0,0,0
20260910_104915,STILL_1P_NA,88,STILL,NAN,-3,-1,-3,-1,-8,-8,-8,-8,-5,-5,-3,-5,-8,-7,2,16245,-7862,-2292,0,0,0
20260910_104915,STILL_1P_NA,89,STILL,NAN,-3,-1,-3,-1,-8,-8,-8,-8,-5,-5,-3,-5,-8,-7,0,16533,-8148,-2275,0,0,0
20260910_104915,STILL_1P_NA,90,STILL,NAN,-4,-1,-4,-1,-7,-7,-7,-7,-4,-5,-3,-4,-7,-7,5,12424,-5039,-2592,0,0,0
20260910_104915,STILL_1P_NA,91,STILL,NAN,-3,-1,-3,-1,-7,-7,-7,-7,-4,-4,-3,-4,-7,-7,-17,14536,-9710,168,0,0,0
20260910_104915,STILL_1P_NA,92,STILL,NAN,-2,-2,-2,-2,-7,-7,-8,-8,-5,-5,-3,-5,-7,-7,0,14129,-7347,-1277,0,0,0
20260910_104915,STILL_1P_NA,93,STILL,NAN,-2,-1,-2,-1,-8,-7,-8,-8,-5,-5,-3,-5,-8,-8,-36,16975,-13271,1515,0,0,0
20260910_104915,STILL_1P_NA,94,STILL,NAN,-2,-1,-2,-1,-8,-8,-8,-8,-5,-6,-3,-5,-8,-8,-13,17301,-10684,-860,0,0,0
20260910_104915,STILL_1P_NA,95,STILL,NAN,0,-2,0,-2,-7,-7,-5,-5,-3,-6,-1,-1,-6,-6,4,9968,-5756,197,0,0,0
20260910_104915,STILL_1P_NA,96,STILL,NAN,1,-2,1,-2,-6,-6,-5,-5,0,1,-1,-1,-6,-5,5,6866,-4217,642,0,0,0
20260910_104915,STILL_1P_NA,97,STILL,NAN,-2,-2,-1,-2,-7,-8,-6,-7,-2,-3,-2,-2,-8,-7,-3,13591,-8047,-700,0,0,0
20260910_104915,STILL_1P_NA,98,STILL,NAN,-3,-1,-3,-1,-8,-8,-8,-8,-5,-5,-3,-5,-8,-8,-9,17566,-10067,-1542,0,0,0
20260910_104915,STILL_1P_NA,99,STILL,NAN,-4,-1,-4,-1,-8,-8,-7,-7,-5,-4,-3,-4,-7,-7,5,14044,-6096,-2684,0,0,0
20260910_104915,STILL_1P_NA,100,STILL,NAN,-4,-1,-4,-1,-7,-7,-7,-7,-4,-4,-3,-4,-7,-7,5,12734,-5427,-2462,0,0,0
20260910_104915,STILL_1P_NA,101,STILL,NAN,-3,-1,-3,-1,-8,-8,-7,-7,-5,-5,-3,-4,-8,-8,-20,16505,-11378,39,0,0,0
20260910_104915,STILL_1P_NA,102,STILL,NAN,-2,-1,-2,-1,-8,-8,-8,-8,-5,-5,-4,-5,-8,-8,-20,18073,-12159,-418,0,0,0
20260910_104915,STILL_1P_NA,103,STILL,NAN,-2,-1,-2,-1,-8,-8,-8,-8,-5,-5,-4,-5,-8,-7,-10,17621,-10239,-1451,0,0,0
20260910_104915,STILL_1P_NA,104,STILL,NAN,-2,-2,-2,-2,-8,-7,-8,-8,-5,-5,-3,-5,-7,-7,5,13220,-5749,-2216,0,0,0
20260910_104915,STILL_1P_NA,105,STILL,NAN,-2,-2,-2,-2,-8,-8,-8,-8,-5,-6,-3,-5,-8,-7,-10,16293,-9778,-935,0,0,0
20260910_104915,STILL_1P_NA,106,STILL,NAN,-3,-2,-3,-2,-8,-8,-8,-8,-5,-6,-3,-5,-8,-8,-9,16946,-9974,-1106,0,0,0
20260910_104915,STILL_1P_NA,107,STILL,NAN,-3,-1,-3,-1,-8,-8,-8,-8,-5,-6,-4,-5,-8,-8,-18,17677,-11420,-529,0,0,0
20260910_104915,STILL_1P_NA,108,STILL,NAN,-3,-1,-3,-1,-8,-8,-8,-8,-6,-6,-4,-5,-8,-8,-18,18118,-11599,-735,0,0,0
20260910_104915,STILL_1P_NA,109,STILL,NAN,-3,-1,-3,-1,-8,-8,-8,-8,-5,-5,-3,-5,-8,-8,-19,17136,-11488,-207,0,0,0
20260910_104915,STILL_1P_NA,110,STILL,NAN,-4,-1,-4,-1,-8,-7,-8,-8,-5,-5,-3,-4,-7,-7,5,13699,-5746,-2861,0,0,0
20260910_104915,STILL_1P_NA,111,STILL,NAN,-3,-1,-3,-1,-8,-7,-8,-8,-5,-4,-3,-4,-8,-7,0,15564,-7783,-2014,0,0,0
20260910_104915,STILL_1P_NA,112,STILL,NAN,-2,-1,-3,-1,-8,-8,-8,-8,-5,-5,-3,-5,-8,-8,-28,17326,-12462,551,0,0,0
20260910_104915,STILL_1P_NA,113,STILL,NAN,-2,-1,-2,-1,-8,-8,-8,-8,-6,-6,-4,-5,-8,-8,-20,17948,-11937,-334,0,0,0
20260910_104915,STILL_1P_NA,114,STILL,NAN,-3,-1,-3,-1,-8,-8,-8,-8,-5,-5,-3,-5,-8,-8,-13,17338,-10652,-921,0,0,0
20260910_104915,STILL_1P_NA,115,STILL,NAN,-3,-1,-3,-1,-8,-7,-8,-8,-5,-5,-3,-5,-8,-7,3,14802,-6632,-2630,0,0,0
20260910_104915,STILL_1P_NA,116,STILL,NAN,-3,-1,-3,-1,-8,-8,-8,-8,-5,-5,-3,-5,-8,-7,5,15591,-7031,-2672,0,0,0
20260910_104915,STILL_1P_NA,117,STILL,NAN,-3,-1,-3,-1,-8,-8,-8,-8,-5,-6,-3,-5,-8,-8,-3,17354,-9095,-2045,0,0,0
20260910_104915,STILL_1P_NA,118,STILL,NAN,-3,-1,-3,-1,-8,-8,-8,-8,-5,-5,-3,-5,-8,-8,-13,17338,-10652,-921,0,0,0
20260910_104915,STILL_1P_NA,119,STILL,NAN,-3,-1,-3,-1,-8,-8,-8,-8,-5,-4,-3,-5,-8,-7,5,15360,-6925,-2795,0,0,0
20260910_104915,STILL_1P_NA,120,STILL,NAN,-2,-2,-2,-1,-8,-8,-7,-8,-4,-4,-3,-4,-8,-8,-19,16483,-11384,93,0,0,0
20260910_104915,STILL_1P_NA,121,STILL,NAN,-1,-2,-1,-2,-7,-7,-7,-7,-4,-4,-3,-4,-7,-7,6,12152,-5251,-1954,0,0,0
20260910_104915,STILL_1P_NA,122,STILL,NAN,-3,-1,-2,-1,-7,-7,-7,-7,-3,-3,-2,-4,-7,-8,-40,13861,-12606,3039,0,0,0
20260910_104915,STILL_1P_NA,123,STILL,NAN,-4,-1,-4,-1,-7,-7,-7,-7,-3,-2,-2,-3,-7,-6,6,11817,-5166,-1775,0,0,0
20260910_104915,STILL_1P_NA,124,STILL,NAN,-4,-1,-4,-1,-7,-7,-7,-7,-4,-5,-3,-3,-7,-7,6,12693,-5244,-2586,0,0,0
20260910_104915,STILL_1P_NA,125,STILL,NAN,-3,-1,-3,-1,-8,-8,-8,-8,-5,-5,-4,-5,-8,-8,-4,17804,-9323,-2288,0,0,0
20260910_104915,STILL_1P_NA,126,STILL,NAN,-2,-2,-3,-2,-8,-8,-8,-8,-6,-6,-4,-5,-8,-8,-14,17465,-10816,-820,0,0,0
20260910_104915,STILL_1P_NA,127,STILL,NAN,-3,-1,-3,-1,-8,-8,-8,-8,-5,-5,-3,-5,-8,-8,-18,17425,-11313,-581,0,0,0
20260910_104915,STILL_1P_NA,128,STILL,NAN,-3,-1,-3,-1,-8,-8,-8,-8,-5,-5,-3,-5,-8,-8,-23,17385,-12061,81,0,0,0
20260910_104915,STILL_1P_NA,129,STILL,NAN,-3,-2,-3,-2,-8,-8,-8,-8,-6,-5,-4,-5,-8,-8,-17,16963,-10847,-520,0,0,0
20260910_104915,STILL_1P_NA,130,STILL,NAN,-3,-1,-3,-1,-8,-8,-8,-8,-5,-6,-3,-5,-8,-8,-25,17432,-12133,98,0,0,0
20260910_104915,STILL_1P_NA,131,STILL,NAN,0,-2,0,-2,-7,-7,-6,-6,-3,-5,-1,-2,-6,-6,3,10116,-5654,-32,0,0,0
20260910_104915,STILL_1P_NA,132,STILL,NAN,0,-2,0,-2,-6,-7,-6,-6,-1,-1,-1,-2,-6,-6,6,8585,-4921,153,0,0,0
20260910_104915,STILL_1P_NA,133,STILL,NAN,-2,-1,-2,-2,-8,-8,-7,-7,-3,-2,-2,-4,-8,-7,-1,14140,-7821,-1126,0,0,0
20260910_104915,STILL_1P_NA,134,STILL,NAN,-2,-1,-2,-1,-8,-8,-8,-8,-5,-5,-3,-5,-8,-8,-14,17181,-10982,-612,0,0,0
20260910_104915,STILL_1P_NA,135,STILL,NAN,-2,-1,-2,-1,-8,-8,-8,-8,-5,-6,-3,-5,-8,-8,-18,17548,-11733,-291,0,0,0
20260910_105710,WALK_1P_AWAY,0,WALK,AWAY,-5,5,-5,4,-2,-1,0,0,2,6,0,4,-1,-1,5,-5014,3950,449,1,1,1
20260910_105710,WALK_1P_AWAY,1,WALK,AWAY,-6,7,-6,7,2,2,0,0,-2,-4,-2,-2,2,2,6,-12417,11286,-2692,1,1,1
20260910_105710,WALK_1P_AWAY,2,WALK,AWAY,-4,8,-4,8,3,2,1,1,-5,-5,-3,-4,2,2,3,-13441,12410,-3362,1,1,1
20260910_105710,WALK_1P_AWAY,3,WALK,AWAY,2,8,1,8,3,3,1,1,-5,-5,-3,-5,3,3,5,-14371,12696,-2941,1,1,1
20260910_105710,WALK_1P_AWAY,4,WALK,AWAY,-2,8,-1,8,3,2,1,1,-5,-4,-3,-4,2,2,4,-13839,12438,-3111,1,1,1
20260910_105710,WALK_1P_AWAY,5,WALK,AWAY,-1,7,-1,7,2,2,0,0,-4,-4,-3,-4,1,1,3,-11458,10881,-3162,1,1,1
20260910_105710,WALK_1P_AWAY,6,WALK,AWAY,4,7,4,7,2,2,0,0,-4,-3,-3,-5,2,2,6,-12795,11287,-2528,1,1,1
20260910_105710,WALK_1P_AWAY,7,WALK,AWAY,1,7,2,7,2,1,0,0,-5,-5,-3,-4,1,2,5,-11212,10700,-3332,1,1,1
20260910_105710,WALK_1P_AWAY,8,WALK,AWAY,2,6,2,7,1,1,0,0,-5,-5,-3,-5,1,1,5,-11157,10799,-3405,1,1,1
20260910_105710,WALK_1P_AWAY,9,WALK,AWAY,3,6,3,6,1,1,0,0,-4,-5,-3,-4,1,1,5,-11001,10262,-2649,1,1,1
20260910_105710,WALK_1P_AWAY,10,WALK,AWAY,0,6,0,6,1,0,0,-1,-4,-5,-3,-4,0,0,5,-8974,9312,-3382,1,1,1
20260910_105956,WALK_1P_AWAY,0,WALK,AWAY,2,-11,2,-10,2,3,3,3,7,19,2,8,3,3,5,-5180,1644,2651,1,2,2
20260910_105956,WALK_1P_AWAY,1,WALK,AWAY,-1,-9,0,-9,1,2,3,3,6,15,1,8,1,1,3,-5178,1749,2686,1,2,2
20260910_105956,WALK_1P_AWAY,2,WALK,AWAY,-5,7,-6,7,1,1,0,1,0,2,-1,0,1,2,5,-9699,8337,-1170,1,1,1
20260910_105956,WALK_1P_AWAY,3,WALK,AWAY,-3,8,-3,8,2,2,0,1,-2,0,-2,-3,2,2,6,-11606,10462,-2401,1,1,1
20260910_105956,WALK_1P_AWAY,4,WALK,AWAY,0,7,-1,8,2,2,0,1,-3,-4,-2,-3,2,2,6,-12800,11542,-2877,1,1,1
20260910_105956,WALK_1P_AWAY,5,WALK,AWAY,-2,8,-2,8,2,2,0,1,-4,-4,-2,-5,2,2,6,-13525,12478,-3494,1,1,1
20260910_105956,WALK_1P_AWAY,6,WALK,AWAY,-4,8,-4,8,2,2,0,0,-4,-4,-3,-5,2,2,6,-13603,12629,-3557,1,1,1
20260910_105956,WALK_1P_AWAY,7,WALK,AWAY,-1,8,-2,8,2,2,0,0,-5,-5,-3,-5,2,2,5,-13379,12577,-3875,1,1,1
20260910_105956,WALK_1P_AWAY,8,WALK,AWAY,-1,7,-1,8,2,2,0,0,-4,-5,-3,-5,2,2,6,-13569,12541,-3593,1,1,1
20260910_110159,WALK_1P_AWAY,0,WALK,AWAY,4,-10,4,-10,2,4,4,5,8,13,7,11,4,3,3,-4974,1726,2483,1,2,2
20260910_110159,WALK_1P_AWAY,1,WALK,AWAY,-1,-11,0,-11,4,6,4,5,10,7,7,7,4,3,-1,-6086,2112,2852,1,2,2
20260910_110159,WALK_1P_AWAY,2,WALK,AWAY,-6,-5,-7,-6,-1,-2,3,3,7,8,4,6,-2,-3,-6,-4608,269,4200,1,2,2
20260910_110159,WALK_1P_AWAY,3,WALK,AWAY,-11,1,-10,0,-1,0,-1,-1,-1,-2,0,1,-1,-2,0,-7773,6676,-185,1,1,1
20260910_110159,WALK_1P_AWAY,4,WALK,AWAY,-10,5,-10,4,0,0,-1,-1,-4,-5,-3,-5,0,0,4,-10005,11195,-4981,1,1,1
20260910_110159,WALK_1P_AWAY,5,WALK,AWAY,-5,6,-5,6,1,1,-1,0,-5,-5,-3,-4,1,1,4,-11204,11299,-4033,1,1,1
20260910_110159,WALK_1P_AWAY,6,WALK,AWAY,1,7,-1,7,2,1,1,1,-4,-5,-2,-3,2,2,5,-12623,11427,-2788,1,1,1
20260910_110159,WALK_1P_AWAY,7,WALK,AWAY,0,8,0,8,2,2,1,1,-3,-4,-2,-3,2,2,6,-12702,11505,-2993,1,1,1
20260910_110159,WALK_1P_AWAY,8,WALK,AWAY,-1,7,-1,8,2,1,1,0,-4,-5,-2,-4,1,2,6,-12588,11747,-3518,1,1,1
20260910_110159,WALK_1P_AWAY,9,WALK,AWAY,-1,7,-1,7,1,1,-1,0,-5,-5,-3,-5,1,1,6,-11000,11068,-4056,1,1,1
20260910_110159,WALK_1P_AWAY,10,WALK,AWAY,-4,7,-4,7,1,1,-1,-1,-5,-5,-4,-5,1,1,5,-11053,11439,-4661,1,1,1
20260910_110159,WALK_1P_AWAY,11,WALK,AWAY,-5,6,-5,7,1,1,-1,-1,-5,-5,-3,-5,1,1,6,-11642,11857,-4634,1,1,1
20260910_110159,WALK_1P_AWAY,12,WALK,AWAY,-6,6,-6,6,0,0,-1,-1,-5,-6,-3,-5,0,1,5,-9708,10898,-5077,1,1,1
20260910_110159,WALK_1P_AWAY,13,WALK,AWAY,-9,5,-9,5,0,0,-1,-1,-5,-6,-3,-5,0,1,6,-10903,11984,-5355,1,1,1
20260910_110340,WALK_1P_AWAY,0,WALK,AWAY,10,-5,9,-5,3,3,3,2,2,-5,1,1,3,2,0,-8209,4995,1741,1,1,1
20260910_110340,WALK_1P_AWAY,1,WALK,AWAY,16,4,15,3,7,7,6,6,1,-5,1,3,6,6,3,-9633,3754,3900,1,2,2
20260910_110340,WALK_1P_AWAY,2,WALK,AWAY,10,6,11,7,5,7,6,6,7,15,2,9,4,4,5,-6749,1641,3621,1,2,2
20260910_110340,WALK_1P_AWAY,3,WALK,AWAY,-11,2,-9,3,4,4,6,6,14,25,8,9,3,-1,-11,-4122,-1234,4089,1,2,2
20260910_110340,WALK_1P_AWAY,4,WALK,AWAY,-23,-3,-22,-3,6,5,6,6,10,5,8,6,6,6,5,-8587,2232,4473,1,2,2
20260910_110340,WALK_1P_AWAY,5,WALK,AWAY,-16,-6,-17,-6,4,4,5,4,2,3,0,2,3,3,5,-11498,6410,2312,1,1,1
20260910_110340,WALK_1P_AWAY,6,WALK,AWAY,-2,-8,-3,-8,3,2,2,3,1,3,1,0,2,0,-5,-8762,4315,2782,1,1,1
20260910_110340,WALK_1P_AWAY,7,WALK,AWAY,3,-7,2,-7,1,1,2,3,6,-1,7,5,1,0,-2,-5849,2425,3016,1,2,2
20260910_110340,WALK_1P_AWAY,8,WALK,AWAY,-9,-1,-7,-2,-1,-1,2,0,5,5,7,2,-2,-3,-7,-4388,372,3852,1,2,2
20260910_110340,WALK_1P_AWAY,9,WALK,AWAY,-11,4,-11,4,1,1,0,0,-1,0,-1,-1,1,1,4,-9967,8693,-1218,1,1,1
20260910_110340,WALK_1P_AWAY,10,WALK,AWAY,-7,8,-8,7,3,3,1,1,-4,-5,-2,-2,2,3,5,-13143,11895,-2851,1,1,1
20260910_110340,WALK_1P_AWAY,11,WALK,AWAY,-3,9,-3,9,4,3,2,2,-4,-6,-2,-4,4,4,5,-14601,12591,-2424,1,1,1
20260910_110340,WALK_1P_AWAY,12,WALK,AWAY,2,9,1,9,4,4,2,2,-3,-3,-2,-3,4,4,6,-13701,11202,-1552,1,1,1
20260910_110340,WALK_1P_AWAY,13,WALK,AWAY,0,8,1,8,3,3,2,2,-3,-2,-3,-3,3,3,5,-12726,10886,-1845,1,1,1
20260910_110340,WALK_1P_AWAY,14,WALK,AWAY,-3,9,-3,9,3,3,1,1,-5,-5,-3,-4,3,3,6,-14592,13252,-3542,1,1,1
20260910_110340,WALK_1P_AWAY,15,WALK,AWAY,-3,9,-3,9,3,3,1,1,-5,-5,-3,-5,3,3,6,-14997,13447,-3481,1,1,1
20260910_110340,WALK_1P_AWAY,16,WALK,AWAY,-7,8,-6,8,3,3,1,1,-4,-5,-2,-3,3,3,4,-13397,12046,-2789,1,1,1
20260910_110340,WALK_1P_AWAY,17,WALK,AWAY,-10,5,-10,6,1,2,1,0,-2,-2,-1,-2,1,1,5,-11009,10054,-2157,1,1,1
20260910_110340,WALK_1P_AWAY,18,WALK,AWAY,-11,5,-12,5,2,2,1,1,0,-2,1,-1,1,1,6,-10919,9334,-1234,1,1,1
20260910_110604,FAST_1P_APPROACH,0,FAST,APPROACH,-5,2,-4,2,-2,-2,2,-2,5,3,6,2,-1,-4,-15,-2965,-493,3482,2,2,2
20260910_110604,FAST_1P_APPROACH,1,FAST,APPROACH,-17,-7,-16,-6,5,6,7,7,6,4,6,12,5,4,1,-7984,1209,5161,2,2,2
20260910_110604,FAST_1P_APPROACH,2,FAST,APPROACH,-18,-9,-19,-9,6,9,7,7,14,18,6,11,6,6,6,-6573,-629,5715,2,2,2
20260910_110604,FAST_1P_APPROACH,3,FAST,APPROACH,17,-3,16,-3,5,5,5,6,11,17,7,7,6,6,4,-5692,2099,2432,2,2,2
20260910_110604,FAST_1P_APPROACH,4,FAST,APPROACH,13,-9,15,-9,7,7,5,6,1,2,0,-1,6,6,5,-9310,4599,2656,2,1,1
20260910_110604,FAST_1P_APPROACH,5,FAST,APPROACH,14,-14,14,-14,10,9,10,10,2,9,-1,5,10,10,6,-8314,386,6953,2,2,2
20260910_110604,FAST_1P_APPROACH,6,FAST,APPROACH,15,-17,15,-17,14,14,10,10,-1,-3,-1,-2,13,14,6,-13439,2621,8963,2,2,2
20260910_110604,FAST_1P_APPROACH,7,FAST,APPROACH,9,-19,10,-19,14,14,10,11,-4,-4,-2,-4,14,14,6,-16478,4353,9303,2,2,2
20260910_110604,FAST_1P_APPROACH,8,FAST,APPROACH,6,-21,6,-21,15,15,11,11,-4,-5,-2,-4,14,15,6,-18535,5143,10152,2,2,2
20260910_110621,FAST_1P_APPROACH,0,FAST,APPROACH,1,-4,0,-4,-3,-3,3,-3,7,-2,10,5,-2,-4,-14,-3152,-848,4612,2,2,2
20260910_110621,FAST_1P_APPROACH,1,FAST,APPROACH,-12,-8,-10,-7,3,5,4,4,5,-2,10,8,3,2,1,-9022,3858,3335,2,1,1
20260910_110621,FAST_1P_APPROACH,2,FAST,APPROACH,-9,-10,-10,-10,4,4,4,4,0,5,-1,1,4,3,0,-11142,5467,2909,2,1,1
20260910_110621,FAST_1P_APPROACH,3,FAST,APPROACH,-1,-12,-2,-12,4,3,3,3,0,4,-1,-1,3,4,5,-11467,7790,404,2,1,1
20260910_110621,FAST_1P_APPROACH,4,FAST,APPROACH,30,-17,28,-17,17,6,29,29,36,1,52,43,24,20,0,-4487,-1495,5912,2,2,2
20260910_110621,FAST_1P_APPROACH,5,FAST,APPROACH,39,-22,36,-21,23,18,29,29,42,-4,52,28,30,29,3,-6963,-2923,9946,2,2,2
20260910_110621,FAST_1P_APPROACH,6,FAST,APPROACH,9,-22,11,-23,18,17,14,14,4,-2,8,-3,17,17,6,-13666,60,12158,2,2,2
20260910_111148,FAST_1P_APPROACH,0,FAST,APPROACH,6,-8,6,-7,0,-2,5,5,8,5,7,12,1,1,6,-4469,2091,1968,2,2,1
20260910_111148,FAST_1P_APPROACH,1,FAST,APPROACH,16,-14,15,-14,11,10,12,13,13,8,7,15,11,12,6,-6990,-216,6539,2,2,2
20260910_111148,FAST_1P_APPROACH,2,FAST,APPROACH,19,-19,19,-19,17,17,13,13,3,-3,5,-1,17,17,6,-11838,-740,11567,2,2,2
20260910_111148,FAST_1P_APPROACH,3,FAST,APPROACH,14,-21,15,-22,18,17,13,13,-5,-4,-3,-5,17,17,6,-17724,2633,12790,2,2,2
20260910_111548,FAST_1P_APPROACH,0,FAST,APPROACH,-7,-15,-7,-14,7,9,13,12,17,12,10,26,7,8,6,-6735,-107,5762,2,2,2
20260910_111548,FAST_1P_APPROACH,1,FAST,APPROACH,-15,-24,-15,-24,19,18,19,19,11,15,5,8,19,19,6,-12400,-6513,17620,2,2,2
20260910_111548,FAST_1P_APPROACH,2,FAST,APPROACH,-21,-28,-21,-28,25,25,20,21,2,5,0,2,24,25,6,-20256,-5406,23739,2,2,2
20260910_111548,FAST_1P_APPROACH,3,FAST,APPROACH,-21,-29,-22,-29,26,26,20,21,-3,-5,-2,-3,25,25,6,-25194,-1712,24307,2,2,2
20260910_111611,FAST_1P_APPROACH,0,FAST,APPROACH,-3,-7,-3,-6,-2,-4,3,1,6,4,2,7,-2,-2,2,-4852,1540,3330,2,2,2
20260910_111611,FAST_1P_APPROACH,1,FAST,APPROACH,-1,-15,-2,-14,6,7,11,10,12,25,2,17,7,7,4,-6097,-1543,6625,2,2,2
20260910_111611,FAST_1P_APPROACH,2,FAST,APPROACH,-6,-23,-5,-23,17,16,17,17,10,19,1,10,17,17,5,-10160,-5850,14872,2,2,2
20260910_111611,FAST_1P_APPROACH,3,FAST,APPROACH,-16,-28,-15,-28,23,23,19,20,4,7,0,3,23,23,6,-18306,-5109,21693,2,2,2
20260910_111611,FAST_1P_APPROACH,4,FAST,APPROACH,-21,-29,-21,-29,26,26,20,21,-3,-1,-2,-3,25,25,6,-23928,-3010,24496,2,2,2
20260910_111649,FAST_1P_APPROACH,0,FAST,APPROACH,-18,7,-16,6,6,9,10,11,17,9,13,22,6,6,4,-5280,-1348,5398,2,2,2
20260910_111649,FAST_1P_APPROACH,1,FAST,APPROACH,-19,5,-20,6,7,8,10,11,18,31,6,18,6,6,5,-4563,-2571,5454,2,2,2
20260910_111649,FAST_1P_APPROACH,2,FAST,APPROACH,10,-13,9,-13,7,11,9,10,14,11,10,20,8,8,4,-6170,863,4592,2,2,2
20260910_111649,FAST_1P_APPROACH,3,FAST,APPROACH,0,-21,2,-21,15,13,14,13,2,9,-1,1,15,14,4,-13023,-1140,12694,2,2,2
20260910_111649,FAST_1P_APPROACH,4,FAST,APPROACH,-7,-26,-7,-26,20,19,18,18,4,12,-1,6,19,20,6,-14373,-5111,18156,2,2,2
20260910_111649,FAST_1P_APPROACH,5,FAST,APPROACH,-13,-29,-12,-30,25,24,21,21,3,6,-1,2,24,24,6,-19058,-5543,22927,2,2,2
20260910_111649,FAST_1P_APPROACH,6,FAST,APPROACH,-19,-30,-19,-31,27,27,21,22,-1,1,-1,-2,26,27,6,-22953,-4617,25384,2,2,2
20260910_112008,FAST_1P_AWAY,0,FAST,AWAY,1,-5,1,-4,-4,-4,-4,-4,0,-1,1,-2,-4,-4,6,-246,-87,1803,2,2,2
20260910_112008,FAST_1P_AWAY,1,FAST,AWAY,7,17,7,16,12,14,16,16,20,28,7,23,14,14,6,-9174,-3322,9839,2,2,2
20260910_112008,FAST_1P_AWAY,2,FAST,AWAY,12,23,12,23,21,22,17,18,5,9,0,3,21,21,6,-13941,-4854,16552,2,2,2
20260910_112008,FAST_1P_AWAY,3,FAST,AWAY,11,23,11,24,22,21,17,18,1,7,-1,0,21,21,6,-15755,-3146,16333,2,2,2
20260910_112536,FAST_1P_AWAY,0,FAST,AWAY,-13,-5,-12,-5,-1,0,0,0,4,9,0,2,0,0,6,-6975,3311,2517,2,1,1
20260910_112536,FAST_1P_AWAY,1,FAST,AWAY,-8,0,-9,0,0,1,3,0,5,1,3,2,0,-4,-17,-5907,431,5314,2,2,2
20260910_112536,FAST_1P_AWAY,2,FAST,AWAY,3,11,2,10,6,7,12,11,12,21,3,17,7,7,5,-6864,-739,5895,2,2,2
20260910_112536,FAST_1P_AWAY,3,FAST,AWAY,12,18,12,18,16,16,15,15,8,12,2,7,16,16,6,-10603,-3770,12260,2,2,2
20260910_112536,FAST_1P_AWAY,4,FAST,AWAY,17,20,17,21,20,20,15,16,-1,3,-2,-1,19,20,6,-15578,-1599,14630,2,2,2
20260910_113044,FAST_1P_AWAY,0,FAST,AWAY,10,4,9,3,1,2,2,2,9,14,3,5,2,2,6,-5439,2175,2170,2,2,1
20260910_113044,FAST_1P_AWAY,1,FAST,AWAY,-5,9,-6,8,6,3,10,10,12,23,4,12,6,4,-2,-5222,-1237,5054,2,2,2
20260910_113044,FAST_1P_AWAY,2,FAST,AWAY,10,18,9,17,15,16,15,15,11,18,2,11,15,15,6,-9925,-3908,11500,2,2,2
20260910_113044,FAST_1P_AWAY,3,FAST,AWAY,18,19,18,20,19,19,15,15,-1,-4,0,-2,19,19,6,-16082,-558,13868,2,2,2
20260910_113103,FAST_1P_AWAY,0,FAST,AWAY,1,-3,0,-2,-4,-3,-4,-4,2,-2,1,0,-5,-5,-2,2944,-3353,2538,2,0,0
20260910_113103,FAST_1P_AWAY,1,FAST,AWAY,-4,1,-3,0,-2,-3,0,-1,1,5,-1,1,-2,-5,-20,-526,-2651,3969,2,2,2
20260910_113103,FAST_1P_AWAY,2,FAST,AWAY,-1,9,-2,8,4,3,7,6,7,14,0,9,4,3,2,-5995,1041,3615,2,2,2
20260910_113103,FAST_1P_AWAY,3,FAST,AWAY,9,14,8,14,10,10,11,10,6,13,0,6,10,11,6,-8693,-1070,8145,2,2,2
20260910_113103,FAST_1P_AWAY,4,FAST,AWAY,15,17,15,17,15,16,13,13,1,5,-1,3,15,15,6,-12581,-1209,11601,2,2,2
20260910_113103,FAST_1P_AWAY,5,FAST,AWAY,23,15,23,16,18,18,14,14,-2,-2,-2,-3,18,18,5,-14961,-997,13522,2,2,2
20260910_113514,FAST_1P_AWAY,0,FAST,AWAY,-10,0,-10,0,-3,-3,-2,-1,2,-1,3,3,-3,-2,5,-3332,3164,448,2,1,1
20260910_113514,FAST_1P_AWAY,1,FAST,AWAY,-11,-1,-11,-1,-3,-2,-2,-1,6,11,3,3,-2,-2,6,-3762,1622,2118,2,2,2
20260910_113514,FAST_1P_AWAY,2,FAST,AWAY,7,14,6,13,9,11,17,16,22,34,10,28,10,10,6,-7952,-2113,7494,2,2,2
20260910_113514,FAST_1P_AWAY,3,FAST,AWAY,19,22,18,22,21,23,20,20,10,15,4,11,22,22,6,-12675,-6065,15701,2,2,2
20260910_113514,FAST_1P_AWAY,4,FAST,AWAY,31,20,30,21,26,25,20,21,0,2,-1,-2,25,25,5,-16149,-6131,19846,2,2,2
20260910_113514,FAST_1P_AWAY,5,FAST,AWAY,34,13,35,14,24,24,20,21,2,6,-1,4,22,22,6,-13958,-5706,17346,2,2,2
20260910_113609,FAST_1P_AWAY,0,FAST,AWAY,47,-23,43,-21,25,26,42,43,102,127,80,71,34,34,5,-2796,-6026,4151,2,2,2
20260910_113609,FAST_1P_AWAY,1,FAST,AWAY,-1,-7,4,-8,5,0,26,16,47,13,32,31,2,-2,-12,-3937,505,2967,2,2,2
20260910_113609,FAST_1P_AWAY,2,FAST,AWAY,10,7,10,6,5,3,13,12,17,32,5,23,6,5,2,-5806,-401,4562,2,2,2
20260910_113609,FAST_1P_AWAY,3,FAST,AWAY,19,18,19,18,18,19,18,18,16,26,5,14,18,19,6,-11140,-4587,12769,2,2,2
20260910_113609,FAST_1P_AWAY,4,FAST,AWAY,27,20,27,21,24,23,18,19,0,-1,0,-1,23,24,6,-16004,-4371,17967,2,2,2
20260910_113609,FAST_1P_AWAY,5,FAST,AWAY,33,16,33,16,23,24,18,19,0,2,-2,0,22,23,6,-14750,-5374,17871,2,2,2
20260910_113654,FAST_1P_AWAY,0,FAST,AWAY,-17,-8,-16,-8,3,6,5,5,11,10,9,13,4,4,6,-6019,231,4472,2,2,2
20260910_113654,FAST_1P_AWAY,1,FAST,AWAY,26,21,26,21,24,25,19,20,0,2,0,1,24,24,6,-15565,-5514,18750,2,2,2
20260910_113654,FAST_1P_AWAY,2,FAST,AWAY,33,18,33,19,25,25,19,20,-3,-3,-1,-3,24,25,6,-16858,-4773,19234,2,2,2
20260910_113654,FAST_1P_AWAY,3,FAST,AWAY,34,12,35,13,22,22,19,20,2,5,-1,4,21,21,6,-13311,-5092,16194,2,2,2
20260910_113820,FAST_1P_AWAY,0,FAST,AWAY,20,-69,18,-63,47,38,74,76,127,91,127,108,69,69,5,-7134,-17295,19833,2,2,2
20260910_113820,FAST_1P_AWAY,1,FAST,AWAY,-6,-21,-5,-24,18,14,35,27,50,40,30,35,14,15,6,-6929,-3908,8997,2,2,2
20260910_113820,FAST_1P_AWAY,2,FAST,AWAY,13,24,14,24,23,22,18,18,-1,0,-1,-2,22,22,6,-17894,-1533,16335,2,2,2
20260910_113820,FAST_1P_AWAY,3,FAST,AWAY,8,23,9,23,21,20,17,17,-1,0,-1,-1,19,20,6,-17316,-454,14654,2,2,2
20260910_113854,FAST_1P_AWAY,0,FAST,AWAY,7,4,6,3,1,2,1,1,6,12,4,5,1,1,2,-4671,1797,2154,2,2,2
20260910_113854,FAST_1P_AWAY,1,FAST,AWAY,-3,4,-2,5,0,1,1,1,2,6,0,3,0,-1,-4,-4719,2181,1786,2,1,1
20260910_113854,FAST_1P_AWAY,2,FAST,AWAY,11,-9,10,-8,3,5,7,8,17,6,10,20,5,5,5,-5028,2873,1384,2,1,1
20260910_113854,FAST_1P_AWAY,3,FAST,AWAY,1,-7,3,-7,5,3,7,8,9,-1,6,11,5,-1,-17,-6161,294,6055,2,2,2
20260910_113854,FAST_1P_AWAY,4,FAST,AWAY,-6,7,-6,5,4,2,8,7,9,20,4,8,4,1,-6,-4360,-890,4153,2,2,2
20260910_113854,FAST_1P_AWAY,5,FAST,AWAY,6,16,5,16,12,13,12,13,9,20,1,11,12,13,6,-8996,-3027,9982,2,2,2
20260910_113854,FAST_1P_AWAY,6,FAST,AWAY,11,19,11,19,17,17,12,13,0,-3,0,-2,16,17,6,-15824,1329,11560,2,2,2
20260910_113854,FAST_1P_AWAY,7,FAST,AWAY,7,19,8,20,17,16,12,13,-4,-4,-3,-3,16,16,6,-17861,3747,10633,2,2,2
20260910_113854,FAST_1P_AWAY,8,FAST,AWAY,2,20,2,20,17,16,12,13,-3,-4,-3,-4,16,16,6,-18328,4206,10409,2,2,2
20260910_113929,FAST_1P_AWAY,0,FAST,AWAY,-2,6,-3,6,0,2,0,0,2,2,1,3,1,1,3,-7052,5271,241,2,1,1
20260910_113929,FAST_1P_AWAY,1,FAST,AWAY,2,5,1,5,0,1,0,0,1,-3,3,3,0,-1,2,-6012,3923,1052,2,1,1
20260910_113929,FAST_1P_AWAY,2,FAST,AWAY,-6,-5,-6,-5,-3,-3,-4,-3,-2,-3,-2,-2,-3,-3,3,-4195,4768,-763,2,1,1
20260910_113929,FAST_1P_AWAY,3,FAST,AWAY,9,11,8,10,8,8,16,15,19,32,6,26,8,8,4,-7261,-1387,6462,2,2,2
20260910_113929,FAST_1P_AWAY,4,FAST,AWAY,16,21,16,21,20,21,17,17,10,14,5,8,20,20,6,-12179,-5194,14628,2,2,2
20260910_113929,FAST_1P_AWAY,5,FAST,AWAY,9,24,11,24,22,22,17,17,-4,-4,-2,-5,21,21,5,-19520,538,15529,2,2,2
20260910_113929,FAST_1P_AWAY,6,FAST,AWAY,-4,25,-3,25,22,21,17,17,-4,-3,-3,-4,21,21,5,-20507,1848,14809,2,2,2
20260910_114036,FAST_1P_AWAY,0,FAST,AWAY,3,-11,3,-10,5,5,4,5,6,11,4,3,4,3,0,-6235,2349,2577,2,2,2
20260910_114036,FAST_1P_AWAY,1,FAST,AWAY,-5,-4,-4,-5,6,6,4,5,3,-5,4,0,4,-4,-28,-9013,210,9005,2,2,2
20260910_114036,FAST_1P_AWAY,2,FAST,AWAY,-14,3,-14,3,4,4,3,3,1,-4,4,1,3,2,-1,-10046,5767,2229,2,1,1
20260910_114036,FAST_1P_AWAY,3,FAST,AWAY,1,4,-1,4,2,1,3,3,1,-4,4,1,1,-1,-7,-6758,3091,2752,2,2,1
20260910_114036,FAST_1P_AWAY,4,FAST,AWAY,6,0,7,1,-1,-1,-1,-1,1,-4,2,0,-1,-2,3,-4124,1315,2585,2,2,2
20260910_114036,FAST_1P_AWAY,5,FAST,AWAY,11,-5,11,-4,2,2,3,3,4,-2,4,7,2,2,5,-5947,3229,1792,2,1,1
20260910_114036,FAST_1P_AWAY,6,FAST,AWAY,11,-7,11,-7,3,4,3,3,5,11,4,2,3,3,5,-5571,3275,1258,2,1,1
20260910_114036,FAST_1P_AWAY,7,FAST,AWAY,-20,-5,-18,-6,6,3,12,12,24,11,26,18,11,5,-10,-4383,-2014,5493,2,2,2
20260910_114036,FAST_1P_AWAY,8,FAST,AWAY,-23,4,-21,4,11,10,12,12,25,-1,26,12,15,8,-10,-5737,-3081,7741,2,2,2
20260910_114036,FAST_1P_AWAY,9,FAST,AWAY,9,17,7,15,14,15,14,14,5,4,4,9,13,14,5,-10394,-2589,11180,2,2,2
20260910_114036,FAST_1P_AWAY,10,FAST,AWAY,17,19,17,20,19,19,14,15,-1,-1,-1,-2,18,19,6,-15621,-724,13744,2,2,2
20260910_114036,FAST_1P_AWAY,11,FAST,AWAY,20,18,20,19,19,19,14,15,-4,-4,-3,-4,19,19,6,-17419,931,13352,2,2,2
20260910_114047,FAST_1P_AWAY,0,FAST,AWAY,-13,-13,-12,-12,6,8,6,7,6,12,1,8,7,7,6,-9188,1867,5042,2,2,2
20260910_114047,FAST_1P_AWAY,1,FAST,AWAY,-9,-14,-10,-14,7,8,6,7,4,10,1,4,7,7,5,-10662,2988,5226,2,2,2
20260910_114047,FAST_1P_AWAY,2,FAST,AWAY,-5,-8,-5,-9,1,0,5,4,6,12,1,9,0,0,5,-5609,1636,3177,2,2,2
20260910_114047,FAST_1P_AWAY,3,FAST,AWAY,8,-1,7,-2,1,-1,4,5,9,14,10,10,1,-1,-6,-2124,150,2157,2,2,2
20260910_114047,FAST_1P_AWAY,4,FAST,AWAY,11,6,10,5,5,5,4,5,9,12,10,3,6,4,-1,-5983,2018,2690,2,2,2
20260910_114047,FAST_1P_AWAY,5,FAST,AWAY,4,6,5,6,3,3,3,3,1,3,-1,-1,3,2,0,-8250,4963,1416,2,1,1
20260910_114047,FAST_1P_AWAY,6,FAST,AWAY,10,1,9,1,2,2,1,1,-3,-6,-2,-4,1,1,2,-10535,7886,61,2,1,1
20260910_114047,FAST_1P_AWAY,7,FAST,AWAY,-9,-5,-7,-5,5,3,5,6,6,-6,5,4,4,-2,-19,-8524,1663,6371,2,2,2
20260910_114047,FAST_1P_AWAY,8,FAST,AWAY,-12,4,-13,3,8,8,12,9,16,41,5,7,8,1,-17,-5209,-3659,6769,2,2,2
20260910_114047,FAST_1P_AWAY,9,FAST,AWAY,8,19,6,18,16,18,18,18,13,18,4,19,16,16,5,-10398,-4927,12560,2,2,2
20260910_114047,FAST_1P_AWAY,10,FAST,AWAY,20,22,20,23,23,23,18,19,2,2,1,-1,23,23,5,-15607,-4441,17676,2,2,2
20260910_114047,FAST_1P_AWAY,11,FAST,AWAY,30,21,30,21,26,24,21,22,-1,-6,3,1,25,25,6,-16899,-4861,19274,2,2,2
