session_id,scenario,pc_time_s,esp_time_us,frame_id,activity,direction,people_count,participants,environment,target_slot,valid,x_mm,y_mm,speed_cm_s,resolution_mm
20260910_104810,WALK_1P_AWAY,0.002,1888205,17,WALK,AWAY,1,P03,LAB01,0,1,-238,519,16,360
20260910_104810,WALK_1P_AWAY,0.002,1888205,17,WALK,AWAY,1,P03,LAB01,1,0,0,0,0,0
20260910_104810,WALK_1P_AWAY,0.002,1888205,17,WALK,AWAY,1,P03,LAB01,2,0,0,0,0,0
20260910_104810,WALK_1P_AWAY,0.004,1977468,18,WALK,AWAY,1,P03,LAB01,0,1,-299,478,24,360
20260910_104810,WALK_1P_AWAY,0.004,1977468,18,WALK,AWAY,1,P03,LAB01,1,0,0,0,0,0
20260910_104810,WALK_1P_AWAY,0.004,1977468,18,WALK,AWAY,1,P03,LAB01,2,0,0,0,0,0
20260910_104810,WALK_1P_AWAY,0.006,2066205,19,WALK,AWAY,1,P03,LAB01,0,1,-377,445,24,360
20260910_104810,WALK_1P_AWAY,0.006,2066205,19,WALK,AWAY,1,P03,LAB01,1,0,0,0,0,0
20260910_104810,WALK_1P_AWAY,0.006,2066205,19,WALK,AWAY,1,P03,LAB01,2,0,0,0,0,0
20260910_104810,WALK_1P_AWAY,0.007,2155054,20,WALK,AWAY,1,P03,LAB01,0,1,-461,420,24,360
20260910_104810,WALK_1P_AWAY,0.007,2155054,20,WALK,AWAY,1,P03,LAB01,1,0,0,0,0,0
20260910_104810,WALK_1P_AWAY,0.007,2155054,20,WALK,AWAY,1,P03,LAB01,2,0,0,0,0,0
20260910_104810,WALK_1P_AWAY,0.008,2244129,21,WALK,AWAY,1,P03,LAB01,0,1,-524,407,48,360
20260910_104810,WALK_1P_AWAY,0.008,2244129,21,WALK,AWAY,1,P03,LAB01,1,0,0,0,0,0
20260910_104810,WALK_1P_AWAY,0.008,2244129,21,WALK,AWAY,1,P03,LAB01,2,0,0,0,0,0
20260910_104810,WALK_1P_AWAY,0.009,2332998,22,WALK,AWAY,1,P03,LAB01,0,1,-450,410,72,360
20260910_104810,WALK_1P_AWAY,0.009,2332998,22,WALK,AWAY,1,P03,LAB01,1,0,0,0,0,0
20260910_104810,WALK_1P_AWAY,0.009,2332998,22,WALK,AWAY,1,P03,LAB01,2,0,0,0,0,0
20260910_104810,WALK_1P_AWAY,0.011,2422185,23,WALK,AWAY,1,P03,LAB01,0,1,-344,413,72,360
20260910_104810,WALK_1P_AWAY,0.011,2422185,23,WALK,AWAY,1,P03,LAB01,1,0,0,0,0,0
20260910_104810,WALK_1P_AWAY,0.011,2422185,23,WALK,AWAY,1,P03,LAB01,2,0,0,0,0,0
20260910_104810,WALK_1P_AWAY,0.011,2511076,24,WALK,AWAY,1,P03,LAB01,0,1,-148,437,24,360
20260910_104810,WALK_1P_AWAY,0.011,2511076,24,WALK,AWAY,1,P03,LAB01,1,0,0,0,0,0
20260910_104810,WALK_1P_AWAY,0.011,2511076,24,WALK,AWAY,1,P03,LAB01,2,0,0,0,0,0
20260910_104810,WALK_1P_AWAY,0.013,2600147,25,WALK,AWAY,1,P03,LAB01,0,1,32,466,24,360
20260910_104810,WALK_1P_AWAY,0.013,2600147,25,WALK,AWAY,1,P03,LAB01,1,0,0,0,0,0
20260910_104810,WALK_1P_AWAY,0.013,2600147,25,WALK,AWAY,1,P03,LAB01,2,0,0,0,0,0
20260910_104810,WALK_1P_AWAY,0.014,2688921,26,WALK,AWAY,1,P03,LAB01,0,1,139,536,48,360
20260910_104810,WALK_1P_AWAY,0.014,2688921,26,WALK,AWAY,1,P03,LAB01,1,0,0,0,0,0
20260910_104810,WALK_1P_AWAY,0.014,2688921,26,WALK,AWAY,1,P03,LAB01,2,0,0,0,0,0
20260910_104810,WALK_1P_AWAY,0.015,2778115,27,WALK,AWAY,1,P03,LAB01,0,1,63,669,48,360
20260910_104810,WALK_1P_AWAY,0.015,2778115,27,WALK,AWAY,1,P03,LAB01,1,0,0,0,0,0
20260910_104810,WALK_1P_AWAY,0.015,2778115,27,WALK,AWAY,1,P03,LAB01,2,0,0,0,0,0
20260910_104810,WALK_1P_AWAY,0.017,2866948,28,WALK,AWAY,1,P03,LAB01,0,1,-15,789,79,360
20260910_104810,WALK_1P_AWAY,0.017,2866948,28,WALK,AWAY,1,P03,LAB01,1,0,0,0,0,0
20260910_104810,WALK_1P_AWAY,0.017,2866948,28,WALK,AWAY,1,P03,LAB01,2,0,0,0,0,0
20260910_104810,WALK_1P_AWAY,0.018,2956144,29,WALK,AWAY,1,P03,LAB01,0,1,-96,898,96,360
20260910_104810,WALK_1P_AWAY,0.018,2956144,29,WALK,AWAY,1,P03,LAB01,1,0,0,0,0,0
20260910_104810,WALK_1P_AWAY,0.018,2956144,29,WALK,AWAY,1,P03,LAB01,2,0,0,0,0,0
20260910_104810,WALK_1P_AWAY,0.019,3045092,30,WALK,AWAY,1,P03,LAB01,0,1,-182,1002,96,360
20260910_104810,WALK_1P_AWAY,0.019,3045092,30,WALK,AWAY,1,P03,LAB01,1,0,0,0,0,0
20260910_104810,WALK_1P_AWAY,0.019,3045092,30,WALK,AWAY,1,P03,LAB01,2,0,0,0,0,0
20260910_104810,WALK_1P_AWAY,0.020,3134015,31,WALK,AWAY,1,P03,LAB01,0,1,-286,1079,24,360
20260910_104810,WALK_1P_AWAY,0.020,3134015,31,WALK,AWAY,1,P03,LAB01,1,0,0,0,0,0
20260910_104810,WALK_1P_AWAY,0.020,3134015,31,WALK,AWAY,1,P03,LAB01,2,0,0,0,0,0
20260910_104810,WALK_1P_AWAY,0.021,3222878,32,WALK,AWAY,1,P03,LAB01,0,1,-393,1144,24,360
20260910_104810,WALK_1P_AWAY,0.021,3222878,32,WALK,AWAY,1,P03,LAB01,1,0,0,0,0,0
20260910_104810,WALK_1P_AWAY,0.021,3222878,32,WALK,AWAY,1,P03,LAB01,2,0,0,0,0,0
20260910_104810,WALK_1P_AWAY,0.022,3311830,33,WALK,AWAY,1,P03,LAB01,0,1,-468,1198,32,360
20260910_104810,WALK_1P_AWAY,0.022,3311830,33,WALK,AWAY,1,P03,LAB01,1,0,0,0,0,0
20260910_104810,WALK_1P_AWAY,0.022,3311830,33,WALK,AWAY,1,P03,LAB01,2,0,0,0,0,0
20260910_104810,WALK_1P_AWAY,0.024,3400786,34,WALK,AWAY,1,P03,LAB01,0,1,-534,1245,32,360
20260910_104810,WALK_1P_AWAY,0.024,3400786,34,WALK,AWAY,1,P03,LAB01,1,0,0,0,0,0
20260910_104810,WALK_1P_AWAY,0.024,3400786,34,WALK,AWAY,1,P03,LAB01,2,0,0,0,0,0
20260910_104810,WALK_1P_AWAY,0.025,3489921,35,WALK,AWAY,1,P03,LAB01,0,1,-592,1284,32,360
20260910_104810,WALK_1P_AWAY,0.025,3489921,35,WALK,AWAY,1,P03,LAB01,1,0,0,0,0,0
20260910_104810,WALK_1P_AWAY,0.025,3489921,35,WALK,AWAY,1,P03,LAB01,2,0,0,0,0,0
20260910_104810,WALK_1P_AWAY,0.027,3578875,36,WALK,AWAY,1,P03,LAB01,0,1,-611,1343,-24,360
20260910_104810,WALK_1P_AWAY,0.027,3578875,36,WALK,AWAY,1,P03,LAB01,1,0,0,0,0,0
20260910_104810,WALK_1P_AWAY,0.027,3578875,36,WALK,AWAY,1,P03,LAB01,2,0,0,0,0,0
20260910_104810,WALK_1P_AWAY,0.028,3668065,37,WALK,AWAY,1,P03,LAB01,0,1,-587,1380,8,360
20260910_104810,WALK_1P_AWAY,0.028,3668065,37,WALK,AWAY,1,P03,LAB01,1,0,0,0,0,0
20260910_104810,WALK_1P_AWAY,0.028,3668065,37,WALK,AWAY,1,P03,LAB01,2,0,0,0,0,0
20260910_104810,WALK_1P_AWAY,0.029,3756868,38,WALK,AWAY,1,P03,LAB01,0,1,-530,1401,-8,360
20260910_104810,WALK_1P_AWAY,0.029,3756868,38,WALK,AWAY,1,P03,LAB01,1,0,0,0,0,0
20260910_104810,WALK_1P_AWAY,0.029,3756868,38,WALK,AWAY,1,P03,LAB01,2,0,0,0,0,0
20260910_104810,WALK_1P_AWAY,0.030,3845979,39,WALK,AWAY,1,P03,LAB01,0,1,-469,1392,-32,360
20260910_104810,WALK_1P_AWAY,0.030,3845979,39,WALK,AWAY,1,P03,LAB01,1,0,0,0,0,0
20260910_104810,WALK_1P_AWAY,0.030,3845979,39,WALK,AWAY,1,P03,LAB01,2,0,0,0,0,0
20260910_104810,WALK_1P_AWAY,0.032,3934615,40,WALK,AWAY,1,P03,LAB01,0,1,-401,1374,-32,360
20260910_104810,WALK_1P_AWAY,0.032,3934615,40,WALK,AWAY,1,P03,LAB01,1,0,0,0,0,0
20260910_104810,WALK_1P_AWAY,0.032,3934615,40,WALK,AWAY,1,P03,LAB01,2,0,0,0,0,0
20260910_104810,WALK_1P_AWAY,0.033,4023878,41,WALK,AWAY,1,P03,LAB01,0,1,-339,1349,-48,360
20260910_104810,WALK_1P_AWAY,0.033,4023878,41,WALK,AWAY,1,P03,LAB01,1,0,0,0,0,0
20260910_104810,WALK_1P_AWAY,0.033,4023878,41,WALK,AWAY,1,P03,LAB01,2,0,0,0,0,0
20260910_104810,WALK_1P_AWAY,0.035,4112895,42,WALK,AWAY,1,P03,LAB01,0,1,-285,1333,-39,360
20260910_104810,WALK_1P_AWAY,0.035,4112895,42,WALK,AWAY,1,P03,LAB01,1,0,0,0,0,0
20260910_104810,WALK_1P_AWAY,0.035,4112895,42,WALK,AWAY,1,P03,LAB01,2,0,0,0,0,0
20260910_104810,WALK_1P_AWAY,0.036,4201875,43,WALK,AWAY,1,P03,LAB01,0,1,-220,1313,-32,360
20260910_104810,WALK_1P_AWAY,0.036,4201875,43,WALK,AWAY,1,P03,LAB01,1,0,0,0,0,0
20260910_104810,WALK_1P_AWAY,0.036,4201875,43,WALK,AWAY,1,P03,LAB01,2,0,0,0,0,0
20260910_104810,WALK_1P_AWAY,0.038,4291102,44,WALK,AWAY,1,P03,LAB01,0,1,-85,1282,-79,360
20260910_104810,WALK_1P_AWAY,0.038,4291102,44,WALK,AWAY,1,P03,LAB01,1,0,0,0,0,0
20260910_104810,WALK_1P_AWAY,0.038,4291102,44,WALK,AWAY,1,P03,LAB01,2,0,0,0,0,0
20260910_104810,WALK_1P_AWAY,0.039,4380054,45,WALK,AWAY,1,P03,LAB01,0,1,53,1248,-79,360
20260910_104810,WALK_1P_AWAY,0.039,4380054,45,WALK,AWAY,1,P03,LAB01,1,0,0,0,0,0
20260910_104810,WALK_1P_AWAY,0.039,4380054,45,WALK,AWAY,1,P03,LAB01,2,0,0,0,0,0
20260910_104810,WALK_1P_AWAY,0.040,4468912,46,WALK,AWAY,1,P03,LAB01,0,1,164,1209,-72,360
20260910_104810,WALK_1P_AWAY,0.040,4468912,46,WALK,AWAY,1,P03,LAB01,1,0,0,0,0,0
20260910_104810,WALK_1P_AWAY,0.040,4468912,46,WALK,AWAY,1,P03,LAB01,2,0,0,0,0,0
20260910_104810,WALK_1P_AWAY,0.041,4558043,47,WALK,AWAY,1,P03,LAB01,0,1,123,1125,-112,360
20260910_104810,WALK_1P_AWAY,0.041,4558043,47,WALK,AWAY,1,P03,LAB01,1,0,0,0,0,0
20260910_104810,WALK_1P_AWAY,0.041,4558043,47,WALK,AWAY,1,P03,LAB01,2,0,0,0,0,0
20260910_104810,WALK_1P_AWAY,0.041,4646878,48,WALK,AWAY,1,P03,LAB01,0,1,54,1039,-72,360
20260910_104810,WALK_1P_AWAY,0.041,4646878,48,WALK,AWAY,1,P03,LAB01,1,0,0,0,0,0
20260910_104810,WALK_1P_AWAY,0.041,4646878,48,WALK,AWAY,1,P03,LAB01,2,0,0,0,0,0
20260910_104810,WALK_1P_AWAY,0.043,4735771,49,WALK,AWAY,1,P03,LAB01,0,1,-7,962,-56,360
20260910_104810,WALK_1P_AWAY,0.043,4735771,49,WALK,AWAY,1,P03,LAB01,1,0,0,0,0,0
20260910_104810,WALK_1P_AWAY,0.043,4735771,49,WALK,AWAY,1,P03,LAB01,2,0,0,0,0,0
20260910_104810,WALK_1P_AWAY,0.044,4824970,50,WALK,AWAY,1,P03,LAB01,0,1,-79,896,-56,360
20260910_104810,WALK_1P_AWAY,0.044,4824970,50,WALK,AWAY,1,P03,LAB01,1,0,0,0,0,0
20260910_104810,WALK_1P_AWAY,0.044,4824970,50,WALK,AWAY,1,P03,LAB01,2,0,0,0,0,0
20260910_104810,WALK_1P_AWAY,0.066,4914037,51,WALK,AWAY,1,P03,LAB01,0,1,-147,831,-56,360
20260910_104810,WALK_1P_AWAY,0.066,4914037,51,WALK,AWAY,1,P03,LAB01,1,0,0,0,0,0
20260910_104810,WALK_1P_AWAY,0.066,4914037,51,WALK,AWAY,1,P03,LAB01,2,0,0,0,0,0
20260910_104810,WALK_1P_AWAY,0.155,5003016,52,WALK,AWAY,1,P03,LAB01,0,1,-217,769,-56,360
20260910_104810,WALK_1P_AWAY,0.155,5003016,52,WALK,AWAY,1,P03,LAB01,1,0,0,0,0,0
20260910_104810,WALK_1P_AWAY,0.155,5003016,52,WALK,AWAY,1,P03,LAB01,2,0,0,0,0,0
20260910_104810,WALK_1P_AWAY,0.244,5092191,53,WALK,AWAY,1,P03,LAB01,0,1,-261,686,-32,360
20260910_104810,WALK_1P_AWAY,0.244,5092191,53,WALK,AWAY,1,P03,LAB01,1,0,0,0,0,0
20260910_104810,WALK_1P_AWAY,0.244,5092191,53,WALK,AWAY,1,P03,LAB01,2,0,0,0,0,0
20260910_104810,WALK_1P_AWAY,0.333,5181044,54,WALK,AWAY,1,P03,LAB01,0,1,-299,603,-32,360
20260910_104810,WALK_1P_AWAY,0.333,5181044,54,WALK,AWAY,1,P03,LAB01,1,0,0,0,0,0
20260910_104810,WALK_1P_AWAY,0.333,5181044,54,WALK,AWAY,1,P03,LAB01,2,0,0,0,0,0
20260910_104810,WALK_1P_AWAY,0.422,5270255,55,WALK,AWAY,1,P03,LAB01,0,1,-314,529,-16,360
20260910_104810,WALK_1P_AWAY,0.422,5270255,55,WALK,AWAY,1,P03,LAB01,1,0,0,0,0,0
20260910_104810,WALK_1P_AWAY,0.422,5270255,55,WALK,AWAY,1,P03,LAB01,2,0,0,0,0,0
20260910_104810,WALK_1P_AWAY,0.511,5358989,56,WALK,AWAY,1,P03,LAB01,0,1,-322,466,8,360
20260910_104810,WALK_1P_AWAY,0.511,5358989,56,WALK,AWAY,1,P03,LAB01,1,0,0,0,0,0
20260910_104810,WALK_1P_AWAY,0.511,5358989,56,WALK,AWAY,1,P03,LAB01,2,0,0,0,0,0
20260910_104810,WALK_1P_AWAY,0.599,5447970,57,WALK,AWAY,1,P03,LAB01,0,1,-324,408,8,360
20260910_104810,WALK_1P_AWAY,0.599,5447970,57,WALK,AWAY,1,P03,LAB01,1,0,0,0,0,0
20260910_104810,WALK_1P_AWAY,0.599,5447970,57,WALK,AWAY,1,P03,LAB01,2,0,0,0,0,0
20260910_104810,WALK_1P_AWAY,0.689,5536857,58,WALK,AWAY,1,P03,LAB01,0,1,-326,376,39,360
20260910_104810,WALK_1P_AWAY,0.689,5536857,58,WALK,AWAY,1,P03,LAB01,1,0,0,0,0,0
20260910_104810,WALK_1P_AWAY,0.689,5536857,58,WALK,AWAY,1,P03,LAB01,2,0,0,0,0,0
20260910_104810,WALK_1P_AWAY,0.778,5625747,59,WALK,AWAY,1,P03,LAB01,0,1,-329,365,48,360
20260910_104810,WALK_1P_AWAY,0.778,5625747,59,WALK,AWAY,1,P03,LAB01,1,0,0,0,0,0
20260910_104810,WALK_1P_AWAY,0.778,5625747,59,WALK,AWAY,1,P03,LAB01,2,0,0,0,0,0
20260910_104810,WALK_1P_AWAY,0.866,5714857,60,WALK,AWAY,1,P03,LAB01,0,1,-335,365,64,360
20260910_104810,WALK_1P_AWAY,0.866,5714857,60,WALK,AWAY,1,P03,LAB01,1,0,0,0,0,0
20260910_104810,WALK_1P_AWAY,0.866,5714857,60,WALK,AWAY,1,P03,LAB01,2,0,0,0,0,0
20260910_104810,WALK_1P_AWAY,0.956,5803998,61,WALK,AWAY,1,P03,LAB01,0,1,-340,373,88,360
20260910_104810,WALK_1P_AWAY,0.956,5803998,61,WALK,AWAY,1,P03,LAB01,1,0,0,0,0,0
20260910_104810,WALK_1P_AWAY,0.956,5803998,61,WALK,AWAY,1,P03,LAB01,2,0,0,0,0,0
20260910_104810,WALK_1P_AWAY,1.044,5892756,62,WALK,AWAY,1,P03,LAB01,0,1,-342,378,88,360
20260910_104810,WALK_1P_AWAY,1.044,5892756,62,WALK,AWAY,1,P03,LAB01,1,0,0,0,0,0
20260910_104810,WALK_1P_AWAY,1.044,5892756,62,WALK,AWAY,1,P03,LAB01,2,0,0,0,0,0
20260910_104810,WALK_1P_AWAY,1.133,5981616,63,WALK,AWAY,1,P03,LAB01,0,1,-346,387,79,360
20260910_104810,WALK_1P_AWAY,1.133,5981616,63,WALK,AWAY,1,P03,LAB01,1,0,0,0,0,0
20260910_104810,WALK_1P_AWAY,1.133,5981616,63,WALK,AWAY,1,P03,LAB01,2,0,0,0,0,0
20260910_104810,WALK_1P_AWAY,1.223,6070942,64,WALK,AWAY,1,P03,LAB01,0,1,-350,399,72,360
20260910_104810,WALK_1P_AWAY,1.223,6070942,64,WALK,AWAY,1,P03,LAB01,1,0,0,0,0,0
20260910_104810,WALK_1P_AWAY,1.223,6070942,64,WALK,AWAY,1,P03,LAB01,2,0,0,0,0,0
20260910_104810,WALK_1P_AWAY,1.311,6159798,65,WALK,AWAY,1,P03,LAB01,0,1,-356,413,72,360
20260910_104810,WALK_1P_AWAY,1.311,6159798,65,WALK,AWAY,1,P03,LAB01,1,0,0,0,0,0
20260910_104810,WALK_1P_AWAY,1.311,6159798,65,WALK,AWAY,1,P03,LAB01,2,0,0,0,0,0
20260910_104810,WALK_1P_AWAY,1.400,6248624,66,WALK,AWAY,1,P03,LAB01,0,1,-360,430,79,360
20260910_104810,WALK_1P_AWAY,1.400,6248624,66,WALK,AWAY,1,P03,LAB01,1,0,0,0,0,0
20260910_104810,WALK_1P_AWAY,1.400,6248624,66,WALK,AWAY,1,P03,LAB01,2,0,0,0,0,0
20260910_104810,WALK_1P_AWAY,1.489,6337482,67,WALK,AWAY,1,P03,LAB01,0,1,-383,482,48,360
20260910_104810,WALK_1P_AWAY,1.489,6337482,67,WALK,AWAY,1,P03,LAB01,1,0,0,0,0,0
20260910_104810,WALK_1P_AWAY,1.489,6337482,67,WALK,AWAY,1,P03,LAB01,2,0,0,0,0,0
20260910_104810,WALK_1P_AWAY,1.578,6426747,68,WALK,AWAY,1,P03,LAB01,0,1,-398,541,119,360
20260910_104810,WALK_1P_AWAY,1.578,6426747,68,WALK,AWAY,1,P03,LAB01,1,0,0,0,0,0
20260910_104810,WALK_1P_AWAY,1.578,6426747,68,WALK,AWAY,1,P03,LAB01,2,0,0,0,0,0
20260910_104810,WALK_1P_AWAY,1.667,6515948,69,WALK,AWAY,1,P03,LAB01,0,1,-419,604,144,360
20260910_104810,WALK_1P_AWAY,1.667,6515948,69,WALK,AWAY,1,P03,LAB01,1,0,0,0,0,0
20260910_104810,WALK_1P_AWAY,1.667,6515948,69,WALK,AWAY,1,P03,LAB01,2,0,0,0,0,0
20260910_104810,WALK_1P_AWAY,1.757,6604990,70,WALK,AWAY,1,P03,LAB01,0,1,-469,744,168,360
20260910_104810,WALK_1P_AWAY,1.757,6604990,70,WALK,AWAY,1,P03,LAB01,1,0,0,0,0,0
20260910_104810,WALK_1P_AWAY,1.757,6604990,70,WALK,AWAY,1,P03,LAB01,2,0,0,0,0,0
20260910_104810,WALK_1P_AWAY,1.846,6693978,71,WALK,AWAY,1,P03,LAB01,0,1,-524,894,152,360
20260910_104810,WALK_1P_AWAY,1.846,6693978,71,WALK,AWAY,1,P03,LAB01,1,0,0,0,0,0
20260910_104810,WALK_1P_AWAY,1.846,6693978,71,WALK,AWAY,1,P03,LAB01,2,0,0,0,0,0
20260910_104810,WALK_1P_AWAY,1.935,6783108,72,WALK,AWAY,1,P03,LAB01,0,1,-562,1040,48,360
20260910_104810,WALK_1P_AWAY,1.935,6783108,72,WALK,AWAY,1,P03,LAB01,1,0,0,0,0,0
20260910_104810,WALK_1P_AWAY,1.935,6783108,72,WALK,AWAY,1,P03,LAB01,2,0,0,0,0,0
20260910_104810,WALK_1P_AWAY,2.023,6871720,73,WALK,AWAY,1,P03,LAB01,0,1,-576,1160,64,360
20260910_104810,WALK_1P_AWAY,2.023,6871720,73,WALK,AWAY,1,P03,LAB01,1,0,0,0,0,0
20260910_104810,WALK_1P_AWAY,2.023,6871720,73,WALK,AWAY,1,P03,LAB01,2,0,0,0,0,0
20260910_104810,WALK_1P_AWAY,2.112,6960575,74,WALK,AWAY,1,P03,LAB01,0,1,-547,1255,64,360
20260910_104810,WALK_1P_AWAY,2.112,6960575,74,WALK,AWAY,1,P03,LAB01,1,0,0,0,0,0
20260910_104810,WALK_1P_AWAY,2.112,6960575,74,WALK,AWAY,1,P03,LAB01,2,0,0,0,0,0
20260910_104810,WALK_1P_AWAY,2.201,7049561,75,WALK,AWAY,1,P03,LAB01,0,1,-532,1343,112,360
20260910_104810,WALK_1P_AWAY,2.201,7049561,75,WALK,AWAY,1,P03,LAB01,1,0,0,0,0,0
20260910_104810,WALK_1P_AWAY,2.201,7049561,75,WALK,AWAY,1,P03,LAB01,2,0,0,0,0,0
20260910_104810,WALK_1P_AWAY,2.291,7138789,76,WALK,AWAY,1,P03,LAB01,0,1,-491,1433,112,360
20260910_104810,WALK_1P_AWAY,2.291,7138789,76,WALK,AWAY,1,P03,LAB01,1,0,0,0,0,0
20260910_104810,WALK_1P_AWAY,2.291,7138789,76,WALK,AWAY,1,P03,LAB01,2,0,0,0,0,0
20260910_104810,WALK_1P_AWAY,2.379,7227775,77,WALK,AWAY,1,P03,LAB01,0,1,-447,1520,104,360
20260910_104810,WALK_1P_AWAY,2.379,7227775,77,WALK,AWAY,1,P03,LAB01,1,0,0,0,0,0
20260910_104810,WALK_1P_AWAY,2.379,7227775,77,WALK,AWAY,1,P03,LAB01,2,0,0,0,0,0
20260910_104810,WALK_1P_AWAY,2.468,7316851,78,WALK,AWAY,1,P03,LAB01,0,1,-406,1616,96,360
20260910_104810,WALK_1P_AWAY,2.468,7316851,78,WALK,AWAY,1,P03,LAB01,1,0,0,0,0,0
20260910_104810,WALK_1P_AWAY,2.468,7316851,78,WALK,AWAY,1,P03,LAB01,2,0,0,0,0,0
20260910_104810,WALK_1P_AWAY,2.557,7405771,79,WALK,AWAY,1,P03,LAB01,0,1,-356,1714,128,360
20260910_104810,WALK_1P_AWAY,2.557,7405771,79,WALK,AWAY,1,P03,LAB01,1,0,0,0,0,0
20260910_104810,WALK_1P_AWAY,2.557,7405771,79,WALK,AWAY,1,P03,LAB01,2,0,0,0,0,0
20260910_104810,WALK_1P_AWAY,2.646,7494819,80,WALK,AWAY,1,P03,LAB01,0,1,-319,1817,104,360
20260910_104810,WALK_1P_AWAY,2.646,7494819,80,WALK,AWAY,1,P03,LAB01,1,0,0,0,0,0
20260910_104810,WALK_1P_AWAY,2.646,7494819,80,WALK,AWAY,1,P03,LAB01,2,0,0,0,0,0
20260910_104810,WALK_1P_AWAY,2.735,7583644,81,WALK,AWAY,1,P03,LAB01,0,1,-297,1906,104,360
20260910_104810,WALK_1P_AWAY,2.735,7583644,81,WALK,AWAY,1,P03,LAB01,1,0,0,0,0,0
20260910_104810,WALK_1P_AWAY,2.735,7583644,81,WALK,AWAY,1,P03,LAB01,2,0,0,0,0,0
20260910_104810,WALK_1P_AWAY,2.824,7672783,82,WALK,AWAY,1,P03,LAB01,0,1,-289,1998,128,360
20260910_104810,WALK_1P_AWAY,2.824,7672783,82,WALK,AWAY,1,P03,LAB01,1,0,0,0,0,0
20260910_104810,WALK_1P_AWAY,2.824,7672783,82,WALK,AWAY,1,P03,LAB01,2,0,0,0,0,0
20260910_104810,WALK_1P_AWAY,2.913,7761448,83,WALK,AWAY,1,P03,LAB01,0,1,-279,2097,119,360
20260910_104810,WALK_1P_AWAY,2.913,7761448,83,WALK,AWAY,1,P03,LAB01,1,0,0,0,0,0
20260910_104810,WALK_1P_AWAY,2.913,7761448,83,WALK,AWAY,1,P03,LAB01,2,0,0,0,0,0
20260910_104810,WALK_1P_AWAY,3.002,7850689,84,WALK,AWAY,1,P03,LAB01,0,1,-272,2199,119,360
20260910_104810,WALK_1P_AWAY,3.002,7850689,84,WALK,AWAY,1,P03,LAB01,1,0,0,0,0,0
20260910_104810,WALK_1P_AWAY,3.002,7850689,84,WALK,AWAY,1,P03,LAB01,2,0,0,0,0,0
20260910_104810,WALK_1P_AWAY,3.091,7939440,85,WALK,AWAY,1,P03,LAB01,0,1,-291,2303,39,360
20260910_104810,WALK_1P_AWAY,3.091,7939440,85,WALK,AWAY,1,P03,LAB01,1,0,0,0,0,0
20260910_104810,WALK_1P_AWAY,3.091,7939440,85,WALK,AWAY,1,P03,LAB01,2,0,0,0,0,0
20260910_104810,WALK_1P_AWAY,3.180,8028556,86,WALK,AWAY,1,P03,LAB01,0,1,-285,2392,88,360
20260910_104810,WALK_1P_AWAY,3.180,8028556,86,WALK,AWAY,1,P03,LAB01,1,0,0,0,0,0
20260910_104810,WALK_1P_AWAY,3.180,8028556,86,WALK,AWAY,1,P03,LAB01,2,0,0,0,0,0
20260910_104810,WALK_1P_AWAY,3.269,8117597,87,WALK,AWAY,1,P03,LAB01,0,1,-306,2480,56,360
20260910_104810,WALK_1P_AWAY,3.269,8117597,87,WALK,AWAY,1,P03,LAB01,1,0,0,0,0,0
20260910_104810,WALK_1P_AWAY,3.269,8117597,87,WALK,AWAY,1,P03,LAB01,2,0,0,0,0,0
20260910_104810,WALK_1P_AWAY,3.358,8206644,88,WALK,AWAY,1,P03,LAB01,0,1,-309,2566,72,360
20260910_104810,WALK_1P_AWAY,3.358,8206644,88,WALK,AWAY,1,P03,LAB01,1,0,0,0,0,0
20260910_104810,WALK_1P_AWAY,3.358,8206644,88,WALK,AWAY,1,P03,LAB01,2,0,0,0,0,0
20260910_104810,WALK_1P_AWAY,3.447,8295468,89,WALK,AWAY,1,P03,LAB01,0,1,-300,2643,104,360
20260910_104810,WALK_1P_AWAY,3.447,8295468,89,WALK,AWAY,1,P03,LAB01,1,0,0,0,0,0
20260910_104810,WALK_1P_AWAY,3.447,8295468,89,WALK,AWAY,1,P03,LAB01,2,0,0,0,0,0
20260910_104810,WALK_1P_AWAY,3.536,8384357,90,WALK,AWAY,1,P03,LAB01,0,1,-275,2728,136,360
20260910_104810,WALK_1P_AWAY,3.536,8384357,90,WALK,AWAY,1,P03,LAB01,1,0,0,0,0,0
20260910_104810,WALK_1P_AWAY,3.536,8384357,90,WALK,AWAY,1,P03,LAB01,2,0,0,0,0,0
20260910_104810,WALK_1P_AWAY,3.625,8473461,91,WALK,AWAY,1,P03,LAB01,0,1,-258,2818,96,360
20260910_104810,WALK_1P_AWAY,3.625,8473461,91,WALK,AWAY,1,P03,LAB01,1,0,0,0,0,0
20260910_104810,WALK_1P_AWAY,3.625,8473461,91,WALK,AWAY,1,P03,LAB01,2,0,0,0,0,0
20260910_104810,WALK_1P_AWAY,3.714,8562232,92,WALK,AWAY,1,P03,LAB01,0,1,-237,2915,88,360
20260910_104810,WALK_1P_AWAY,3.714,8562232,92,WALK,AWAY,1,P03,LAB01,1,0,0,0,0,0
20260910_104810,WALK_1P_AWAY,3.714,8562232,92,WALK,AWAY,1,P03,LAB01,2,0,0,0,0,0
20260910_104810,WALK_1P_AWAY,3.803,8651488,93,WALK,AWAY,1,P03,LAB01,0,1,-205,3011,79,360
20260910_104810,WALK_1P_AWAY,3.803,8651488,93,WALK,AWAY,1,P03,LAB01,1,0,0,0,0,0
20260910_104810,WALK_1P_AWAY,3.803,8651488,93,WALK,AWAY,1,P03,LAB01,2,0,0,0,0,0
20260910_104810,WALK_1P_AWAY,3.893,8740756,94,WALK,AWAY,1,P03,LAB01,0,1,-169,3109,79,360
20260910_104810,WALK_1P_AWAY,3.893,8740756,94,WALK,AWAY,1,P03,LAB01,1,0,0,0,0,0
20260910_104810,WALK_1P_AWAY,3.893,8740756,94,WALK,AWAY,1,P03,LAB01,2,0,0,0,0,0
20260910_104810,WALK_1P_AWAY,3.981,8829454,95,WALK,AWAY,1,P03,LAB01,0,1,-160,3178,104,360
20260910_104810,WALK_1P_AWAY,3.981,8829454,95,WALK,AWAY,1,P03,LAB01,1,0,0,0,0,0
20260910_104810,WALK_1P_AWAY,3.981,8829454,95,WALK,AWAY,1,P03,LAB01,2,0,0,0,0,0
20260910_104810,WALK_1P_AWAY,4.070,8918570,96,WALK,AWAY,1,P03,LAB01,0,1,-142,3251,119,360
20260910_104810,WALK_1P_AWAY,4.070,8918570,96,WALK,AWAY,1,P03,LAB01,1,0,0,0,0,0
20260910_104810,WALK_1P_AWAY,4.070,8918570,96,WALK,AWAY,1,P03,LAB01,2,0,0,0,0,0
20260910_104810,WALK_1P_AWAY,4.159,9007271,97,WALK,AWAY,1,P03,LAB01,0,1,-146,3330,88,360
20260910_104810,WALK_1P_AWAY,4.159,9007271,97,WALK,AWAY,1,P03,LAB01,1,0,0,0,0,0
20260910_104810,WALK_1P_AWAY,4.159,9007271,97,WALK,AWAY,1,P03,LAB01,2,0,0,0,0,0
20260910_104810,WALK_1P_AWAY,4.248,9096626,98,WALK,AWAY,1,P03,LAB01,0,1,-135,3418,88,360
20260910_104810,WALK_1P_AWAY,4.248,9096626,98,WALK,AWAY,1,P03,LAB01,1,0,0,0,0,0
20260910_104810,WALK_1P_AWAY,4.248,9096626,98,WALK,AWAY,1,P03,LAB01,2,0,0,0,0,0
20260910_104810,WALK_1P_AWAY,4.337,9185448,99,WALK,AWAY,1,P03,LAB01,0,1,-89,3493,88,360
20260910_104810,WALK_1P_AWAY,4.337,9185448,99,WALK,AWAY,1,P03,LAB01,1,0,0,0,0,0
20260910_104810,WALK_1P_AWAY,4.337,9185448,99,WALK,AWAY,1,P03,LAB01,2,0,0,0,0,0
20260910_104810,WALK_1P_AWAY,4.426,9274461,100,WALK,AWAY,1,P03,LAB01,0,1,-57,3571,39,360
20260910_104810,WALK_1P_AWAY,4.426,9274461,100,WALK,AWAY,1,P03,LAB01,1,0,0,0,0,0
20260910_104810,WALK_1P_AWAY,4.426,9274461,100,WALK,AWAY,1,P03,LAB01,2,0,0,0,0,0
20260910_104810,WALK_1P_AWAY,4.515,9363413,101,WALK,AWAY,1,P03,LAB01,0,1,-43,3651,96,360
20260910_104810,WALK_1P_AWAY,4.515,9363413,101,WALK,AWAY,1,P03,LAB01,1,0,0,0,0,0
20260910_104810,WALK_1P_AWAY,4.515,9363413,101,WALK,AWAY,1,P03,LAB01,2,0,0,0,0,0
20260910_104810,WALK_1P_AWAY,4.604,9452517,102,WALK,AWAY,1,P03,LAB01,0,1,-10,3731,112,360
20260910_104810,WALK_1P_AWAY,4.604,9452517,102,WALK,AWAY,1,P03,LAB01,1,0,0,0,0,0
20260910_104810,WALK_1P_AWAY,4.604,9452517,102,WALK,AWAY,1,P03,LAB01,2,0,0,0,0,0
20260910_104810,WALK_1P_AWAY,4.693,9541377,103,WALK,AWAY,1,P03,LAB01,0,1,76,3814,96,360
20260910_104810,WALK_1P_AWAY,4.693,9541377,103,WALK,AWAY,1,P03,LAB01,1,0,0,0,0,0
20260910_104810,WALK_1P_AWAY,4.693,9541377,103,WALK,AWAY,1,P03,LAB01,2,0,0,0,0,0
20260910_104810,WALK_1P_AWAY,4.782,9630329,104,WALK,AWAY,1,P03,LAB01,0,1,170,3886,159,360
20260910_104810,WALK_1P_AWAY,4.782,9630329,104,WALK,AWAY,1,P03,LAB01,1,0,0,0,0,0
20260910_104810,WALK_1P_AWAY,4.782,9630329,104,WALK,AWAY,1,P03,LAB01,2,0,0,0,0,0
20260910_104810,WALK_1P_AWAY,4.871,9719147,105,WALK,AWAY,1,P03,LAB01,0,1,236,3959,64,360
20260910_104810,WALK_1P_AWAY,4.871,9719147,105,WALK,AWAY,1,P03,LAB01,1,0,0,0,0,0
20260910_104810,WALK_1P_AWAY,4.871,9719147,105,WALK,AWAY,1,P03,LAB01,2,0,0,0,0,0
20260910_104810,WALK_1P_AWAY,4.960,9808332,106,WALK,AWAY,1,P03,LAB01,0,1,297,4024,72,360
20260910_104810,WALK_1P_AWAY,4.960,9808332,106,WALK,AWAY,1,P03,LAB01,1,0,0,0,0,0
20260910_104810,WALK_1P_AWAY,4.960,9808332,106,WALK,AWAY,1,P03,LAB01,2,0,0,0,0,0
20260910_104810,WALK_1P_AWAY,5.049,9897341,107,WALK,AWAY,1,P03,LAB01,0,1,338,4082,64,360
20260910_104810,WALK_1P_AWAY,5.049,9897341,107,WALK,AWAY,1,P03,LAB01,1,0,0,0,0,0
20260910_104810,WALK_1P_AWAY,5.049,9897341,107,WALK,AWAY,1,P03,LAB01,2,0,0,0,0,0
20260910_104810,WALK_1P_AWAY,5.138,9986510,108,WALK,AWAY,1,P03,LAB01,0,1,391,4148,64,360
20260910_104810,WALK_1P_AWAY,5.138,9986510,108,WALK,AWAY,1,P03,LAB01,1,0,0,0,0,0
20260910_104810,WALK_1P_AWAY,5.138,9986510,108,WALK,AWAY,1,P03,LAB01,2,0,0,0,0,0
20260910_104810,WALK_1P_AWAY,5.227,10075427,109,WALK,AWAY,1,P03,LAB01,0,1,419,4217,79,360
20260910_104810,WALK_1P_AWAY,5.227,10075427,109,WALK,AWAY,1,P03,LAB01,1,0,0,0,0,0
20260910_104810,WALK_1P_AWAY,5.227,10075427,109,WALK,AWAY,1,P03,LAB01,2,0,0,0,0,0
20260910_104810,WALK_1P_AWAY,5.316,10164468,110,WALK,AWAY,1,P03,LAB01,0,1,394,4286,79,360
20260910_104810,WALK_1P_AWAY,5.316,10164468,110,WALK,AWAY,1,P03,LAB01,1,0,0,0,0,0
20260910_104810,WALK_1P_AWAY,5.316,10164468,110,WALK,AWAY,1,P03,LAB01,2,0,0,0,0,0
20260910_104810,WALK_1P_AWAY,5.405,10253043,111,WALK,AWAY,1,P03,LAB01,0,1,379,4352,72,360
20260910_104810,WALK_1P_AWAY,5.405,10253043,111,WALK,AWAY,1,P03,LAB01,1,0,0,0,0,0
20260910_104810,WALK_1P_AWAY,5.405,10253043,111,WALK,AWAY,1,P03,LAB01,2,0,0,0,0,0
20260910_104810,WALK_1P_AWAY,5.494,10342282,112,WALK,AWAY,1,P03,LAB01,0,1,397,4418,72,360
20260910_104810,WALK_1P_AWAY,5.494,10342282,112,WALK,AWAY,1,P03,LAB01,1,0,0,0,0,0
20260910_104810,WALK_1P_AWAY,5.494,10342282,112,WALK,AWAY,1,P03,LAB01,2,0,0,0,0,0
20260910_104810,WALK_1P_AWAY,5.583,10431332,113,WALK,AWAY,1,P03,LAB01,0,1,417,4494,8,360
20260910_104810,WALK_1P_AWAY,5.583,10431332,113,WALK,AWAY,1,P03,LAB01,1,0,0,0,0,0
20260910_104810,WALK_1P_AWAY,5.583,10431332,113,WALK,AWAY,1,P03,LAB01,2,0,0,0,0,0
20260910_104810,WALK_1P_AWAY,5.672,10520114,114,WALK,AWAY,1,P03,LAB01,0,1,405,4651,0,360
20260910_104810,WALK_1P_AWAY,5.672,10520114,114,WALK,AWAY,1,P03,LAB01,1,0,0,0,0,0
20260910_104810,WALK_1P_AWAY,5.672,10520114,114,WALK,AWAY,1,P03,LAB01,2,0,0,0,0,0
20260910_104810,WALK_1P_AWAY,5.761,10609297,115,WALK,AWAY,1,P03,LAB01,0,1,338,4842,16,360
20260910_104810,WALK_1P_AWAY,5.761,10609297,115,WALK,AWAY,1,P03,LAB01,1,0,0,0,0,0
20260910_104810,WALK_1P_AWAY,5.761,10609297,115,WALK,AWAY,1,P03,LAB01,2,0,0,0,0,0
20260910_104810,WALK_1P_AWAY,5.850,10698335,116,WALK,AWAY,1,P03,LAB01,0,1,279,5007,48,360
20260910_104810,WALK_1P_AWAY,5.850,10698335,116,WALK,AWAY,1,P03,LAB01,1,0,0,0,0,0
20260910_104810,WALK_1P_AWAY,5.850,10698335,116,WALK,AWAY,1,P03,LAB01,2,0,0,0,0,0
20260910_104810,WALK_1P_AWAY,5.939,10787326,117,WALK,AWAY,1,P03,LAB01,0,1,355,5055,48,360
20260910_104810,WALK_1P_AWAY,5.939,10787326,117,WALK,AWAY,1,P03,LAB01,1,0,0,0,0,0
20260910_104810,WALK_1P_AWAY,5.939,10787326,117,WALK,AWAY,1,P03,LAB01,2,0,0,0,0,0
20260910_104810,WALK_1P_AWAY,6.028,10876016,118,WALK,AWAY,1,P03,LAB01,0,1,486,5061,72,360
20260910_104810,WALK_1P_AWAY,6.028,10876016,118,WALK,AWAY,1,P03,LAB01,1,0,0,0,0,0
20260910_104810,WALK_1P_AWAY,6.028,10876016,118,WALK,AWAY,1,P03,LAB01,2,0,0,0,0,0
